,CT_Position_1,CT_Position_2,CT_Position_3,CT_Position_4,CT_Position_5,CT_Position_6,CT_Position_7,CT_Position_8,CT_Position_9,GA_Position_1,GA_Position_2,GA_Position_3,GA_Position_4,GA_Position_5,GA_Position_6,GA_Position_7,GA_Position_8,GA_Position_9,label
0,0.11797171438427,0.0057164634146341,0.0028616852146263,0.0046224961479198,0.0019657399606852,0.0023323615160349,0.0009003601440576,0.0028019925280199,0.0014388489208633,0.115251026207768,0.0081135902636916,0.006080875646093,0.0022328548644338,0.0021393643031784,0.0014970059880239,0.0009413241292751,0.0012239902080783,0.0015037593984962,ancient
1,0.203125,0.0177514792899408,0.0105820105820106,0.0,0.0036764705882352,0.001254705144291,0.0,0.0,0.0,0.123626373626374,0.0018796992481203,0.0,0.0086830680173661,0.0,0.0,0.0,0.0,0.0,ancient
2,0.142759094028826,0.0021818181818181,0.0025252525252525,0.0024096385542168,0.0054282267792521,0.0011514104778353,0.0022471910112359,0.0022766078542971,0.0018115942028985,0.123677248677249,0.0054474708171206,0.0,0.0059880239520958,0.0017889087656529,0.0030266343825665,0.0031387319522912,0.0023161551823972,0.0022547914317925,ancient
3,0.125827814569536,0.0,0.0,0.0,0.0028571428571428,0.0,0.0,0.0,0.0029154518950437,0.146953405017921,0.0,0.0029498525073746,0.0,0.0043290043290043,0.0,0.0,0.0,0.0,ancient
4,0.103770321687997,0.0098658247829518,0.0056728647967223,0.0012176560121765,0.0032747841619529,0.000912408759124,0.0036101083032491,0.000896860986547,0.0005688282138794,0.113425065079955,0.0055658627087198,0.003830194701564,0.0042800366860287,0.0009185548071034,0.0020945541591861,0.0018427518427518,0.0038655961938745,0.0014788524105294,ancient
5,0.0306972664815086,0.0024330900243309,0.0015170321334988,0.0018870467718021,0.0008112493239588,0.0014939562678256,0.0019796380090497,0.0016645859342488,0.0009530292716133,0.0331427086041071,0.0057892048356887,0.0040357451715191,0.0037701704117026,0.0010382675763868,0.0025906735751295,0.0031488978857399,0.0021361435488464,0.0018531717747683,ancient
6,0.182410423452769,0.0051020408163265,0.0029411764705882,0.0052910052910052,0.0022123893805309,0.0,0.0,0.0023255813953488,0.0,0.118343195266272,0.0,0.0,0.005,0.0076335877862595,0.0,0.0,0.0,0.0048780487804878,ancient
7,0.135566188197767,0.0,0.0037593984962406,0.0,0.0025125628140703,0.0,0.0037267080745341,0.0,0.0012376237623762,0.100149476831091,0.0031007751937984,0.0,0.0133010882708585,0.0,0.0034443168771527,0.0,0.0,0.0,ancient
8,0.134146341463415,0.0,0.0,0.0,0.0,0.0,0.0123456790123457,0.0,0.0,0.146666666666667,0.0273972602739726,0.0114942528735632,0.0,0.0,0.0,0.0,0.0208333333333333,0.0,ancient
9,0.142857142857143,0.0,0.0,0.0,0.0,0.0,0.0,0.0,0.0,0.0,0.0,0.166666666666667,0.0,0.0,0.0,0.0,0.0,0.0,ancient
10,0.125,0.0088495575221238,0.0063291139240506,0.0,0.0071942446043165,0.0,0.0,0.0,0.0120481927710843,0.151260504201681,0.0,0.0,0.0076335877862595,0.0115606936416185,0.006578947368421,0.0068965517241379,0.0,0.0062893081761006,ancient
11,0.123711340206186,0.0,0.0,0.0,0.0,0.0,0.0,0.0,0.0,0.149484536082474,0.0132450331125828,0.0,0.0,0.0045662100456621,0.0,0.0162162162162162,0.0137614678899083,0.0088105726872246,ancient
12,0.0574324324324324,0.0056818181818181,0.0015151515151515,0.0015748031496063,0.0014970059880239,0.0033670033670033,0.0,0.0014224751066856,0.0017152658662092,0.0596745027124774,0.0242914979757085,0.0035460992907801,0.0125588697017268,0.003338898163606,0.0032414910858995,0.0140350877192982,0.0074962518740629,0.0029673590504451,ancient
13,0.0458715596330275,0.0306122448979592,0.0,0.0,0.009009009009009,0.0,0.0,0.0,0.0085470085470085,0.078125,0.03125,0.0,0.0,0.0,0.0098039215686274,0.0,0.0,0.0,ancient
14,0.0786267995570321,0.0082330588980367,0.0035335689045936,0.0070600100857286,0.0008960573476702,0.0005081300813008,0.0010240655401945,0.0033964095099466,0.0004789272030651,0.0869800108049703,0.0099009900990099,0.0097186700767263,0.0074812967581047,0.007801072647489,0.0043753038405444,0.0110993657505285,0.0014800197335964,0.0092497430626927,ancient
15,0.0526315789473684,0.0,0.0,0.0,0.0,0.0,0.0,0.0,0.0,0.153846153846154,0.0,0.0,0.0,0.0,0.0,0.0,0.0,0.0,ancient
16,0.123054114158636,0.0024213075060532,0.0040376850605652,0.003065603923973,0.0006720430107526,0.0006389776357827,0.0,0.0005980861244019,0.0018126888217522,0.143064633260712,0.0164502164502165,0.0136690647482014,0.0071243523316062,0.0024271844660194,0.0025974025974026,0.0032071840923669,0.0068922305764411,0.0089659294680215,ancient
17,0.1049766718507,0.0081699346405228,0.0053835800807537,0.0020366598778004,0.0,0.0006609385327164,0.0006361323155216,0.000659195781147,0.0006640106241699,0.138582677165354,0.0188679245283019,0.0143835616438356,0.0049893086243763,0.00768156424581,0.0041152263374485,0.002021563342318,0.0039473684210526,0.006,ancient
18,0.0,0.0,0.0,0.0,0.0,0.0,0.0,0.0,0.0,0.0,0.0,0.0,0.0,0.0,0.0,0.0,0.0,0.0,ancient
19,0.166666666666667,0.0,0.0,0.0,0.0,0.0,0.0,0.0,0.0,0.195121951219512,0.0161290322580645,0.0,0.0,0.0,0.0142857142857143,0.0131578947368421,0.0,0.0138888888888889,ancient
20,0.0,0.0,0.0,0.0,0.0,0.0,0.0,0.0,0.0,0.1,0.0,0.0,0.0,0.0,0.111111111111111,0.0,0.0,0.0,ancient
21,0.131987577639752,0.0086805555555555,0.0,0.0029282576866764,0.0,0.0,0.0,0.001131221719457,0.0,0.162962962962963,0.0293542074363992,0.0047318611987381,0.0,0.0026385224274406,0.0037783375314861,0.0014513788098693,0.0197368421052632,0.0033482142857142,ancient
22,0.19047619047619,0.0,0.0,0.0,0.0,0.0,0.0,0.0,0.0,0.0,0.0,0.0,0.0666666666666667,0.0,0.0,0.0,0.0,0.0,ancient
23,0.0,0.0,0.0,0.0,0.0,0.0,0.0,0.0,0.0,0.0,0.0,0.0,0.0,0.0,0.0,0.0,0.0,0.0,ancient
24,0.222222222222222,0.0170940170940171,0.0,0.0,0.0,0.0,0.0,0.0,0.0061349693251533,0.180412371134021,0.0,0.0,0.0,0.0,0.0,0.0,0.0099009900990099,0.0,ancient
25,0.0013219640930264,0.0222500462332264,0.0047770409009347,0.0015051666241769,0.0039193772029349,0.0096555267660719,0.0012762282384229,0.000776011497538,0.0049142124205201,0.0082571805816727,0.0007784191933511,0.0032295208229341,0.0031015575360817,0.0162570968945806,5.24560090715467e-05,0.0111933303792556,0.0015977841065164,0.0066676383620949,modern
26,0.0030003804939645,0.0177996205238774,0.0005306613235717,0.0170048739771878,0.0001831991471908,0.0012544773565531,0.0006720544558011,0.0003086897502656,0.0021235838773367,0.0012144229323037,0.0002096033868618,0.0013425341417032,0.0009473269086572,0.0003782208868881,0.0006199512847007,0.0045442678340183,0.0094366464237023,0.0009280967318479,modern
27,0.0024295938735922,0.0019393225758688,0.0034197369008663,0.0037830527426934,0.0015938364733499,0.001467686297012,0.0003997852720299,0.0047128170333081,0.0051285784063383,0.0002139121642978,0.0041053657657129,0.0028489232977003,0.0013649587767888,0.0135229586875911,0.0059211052867484,0.0074637623979739,0.0002979894800003,0.0014024444688472,modern
28,0.0051272221336302,0.0032206890010018,0.001068916277252,0.0102350218231315,0.0029858960548365,0.0020309630251374,0.005881732940096,0.002765823475008,0.0033768265328775,0.0011975501139311,0.0050662983948704,0.0037576375153854,0.0017297140536648,0.0033210471777911,0.0005564345566919,0.0039021026231784,0.0002249004024551,0.0036695499933094,modern
29,0.0021673323595407,0.0016257786821021,0.0002614530322065,0.0003158082790882,0.0037930674428381,0.0003174326366105,8.01993046703762e-05,0.0009045047830755,0.0137487322618197,0.0010304166643427,0.0057495969863799,0.0033421085281229,0.0036344716498108,0.0048417556278021,0.0012531038638037,0.0002668734720037,0.006544465317726,0.0013386222063455,modern
30,0.0081236423323993,0.0014656935177805,0.005759408142059,0.0073031772132357,0.0001781944708315,0.0138396832446627,0.0049686919430467,0.0063857058214773,0.0084964265004607,0.0052857812595135,0.0002952676318022,0.0047174749622555,5.4319789687861e-05,0.0009635858056838,0.0015598738819455,0.0014176373668812,0.0087357840371936,0.0102525038053771,modern
31,0.0079076789712122,0.0001528383632871,0.0016558348468928,0.0019673158250491,0.0012044195489219,0.0065603364765908,0.0002906152881892,0.0047206115310686,0.0050744118258186,0.0148965446705565,0.0001873707377423,0.0071325603188336,0.0167351931074614,0.004744407955275,0.0010148653741865,0.0035567774346694,0.000409613482987,0.0068578209914825,modern
32,0.0010045842105369,0.0031445086629373,7.6752303725548e-05,2.73835784672126e-05,0.0126744613079635,0.0002887107454757,0.0029375558750299,0.0049992308977053,0.0004929162977635,0.0085652943048552,0.0084894426813176,0.0065764889507001,0.0012683070494106,0.0011213805573289,0.0019249197241791,0.0069818504346603,0.0003435643159177,0.0105758649073361,modern
33,0.0015063651923307,0.0054418672488513,0.009677529470028,0.0048397496103434,0.0001941404042227,0.0015697885409208,0.0033020281643807,0.000561479626825,0.0013366088069953,0.0047333107547069,0.0002544987754792,0.0097998509424468,0.0035461016304935,0.0007502744999928,0.0061505252754291,0.001811195101654,0.0004076333352821,0.012044095152087,modern
34,0.0022378195164893,0.0038924930758012,0.0010094944190101,0.0035302443918116,0.0003876359824316,0.009002506069191,0.0009807907079329,0.0005570153294965,0.0017249313305611,0.0020062767092472,0.0065666145225089,0.0086072261358297,0.0003211594809484,0.0034316263364761,0.0003724488477354,0.0108717290625246,0.0042604311078494,0.0014008947591535,modern
35,0.0017940661696164,0.0014376820146925,0.0055965399447099,0.0005589750819025,0.0049661412139314,0.0026068601501047,0.0035098073261251,0.0041848886464438,0.0027818561362639,0.0014492253605677,0.0005024084065277,0.0020603844186453,0.0044492359750633,0.0012125853305835,0.0086168018861112,0.0005698900262397,0.0010187969010805,0.0012608090231352,modern
36,0.0021353905998805,0.0059296997573542,0.0071550013432735,0.0067404994645066,0.0055818479192523,0.0041947285555391,0.005315557969426,0.005268412935763,0.0049210171361762,0.0010384700928654,0.0026368778953803,0.0004415270391574,0.0013709786198411,0.0155378333684766,0.002158270101736,0.0030381075157768,0.0050252068422778,0.0059363756983876,modern
37,0.0062198144969596,0.0062667043177011,0.003667093313077,0.0002797463222943,0.0029932462019261,0.0035063904408997,0.0015163811295825,0.0084260684274669,0.0017158477650933,0.0015834649904514,0.0026720717206365,0.0029271269967239,0.0103965062248534,0.0017623981607549,0.0094221033701161,0.0041219250275099,0.0051462907128704,0.0014219642999887,modern
38,0.0055674963716873,0.0025405823903492,0.002224136462468,0.0003472080732245,0.0035633298118662,0.0028516738938537,0.0013729160896035,0.0178936307784506,0.005060592820459,0.0043288345663351,0.0078481229424609,0.0009330575691852,0.0015598709197609,0.0023516188385426,0.0097394073733256,0.0078807681350845,0.0010998517856847,0.0011254445662613,modern
39,0.0056737956339349,0.0023054704336572,0.0066919693259857,0.0092255237943266,0.0021942268525194,0.0055330727740689,0.0073925067034506,0.0091227472850871,0.003021618970587,0.0040735719643418,0.0017567182535004,0.0058890809135133,0.000704855118855,0.0049498221417102,0.0019262917353416,0.0013030095357574,0.0003579223019862,0.0022766622828097,modern
40,0.000374075485454,0.0021851784631436,0.000449814498043,0.0025071863488747,0.0029315725291791,4.46798389397954e-05,0.0025908187546074,0.0025176300426434,0.0017689284311058,0.0022818623910297,0.0073572854485222,0.0023672442272116,0.0015388872340569,0.0059251435539463,0.0045905239121183,0.0003130441466313,0.0004549160380567,0.0074754156134711,modern
41,0.0059827348025545,0.002154135433434,0.0124248873565631,0.0045604852090842,0.0016997454891204,0.0026131956183071,0.0046130568050911,0.0001830273919429,0.0011280833281938,0.0071044951798718,0.001549509201692,0.0088503018063003,0.002847992712033,0.006142856600229,0.013624335510542,0.001847407195472,0.006168250684246,0.0064559892358969,modern
42,0.0063789970843054,0.0005282106929191,0.0015893050314187,0.0014179812244492,0.0015727233806062,0.0007205757667983,0.0017576916731074,0.0007098612469219,0.0010570652251854,0.0102122659355494,0.0063854667642889,0.0014578942491398,0.0011933753378725,0.0106993711561578,0.0076129619395753,0.0018188314322122,0.0040764595158068,0.0057376641348508,modern
43,0.0020914877251845,0.003615542100872,0.0012905719268309,0.001343271743192,0.0025633019286343,0.0012742847124573,0.0024358490608938,0.0100785492658036,0.0007021077236725,0.0018469699885361,0.0013661882972323,0.0052148801405976,0.0041550431890692,0.0012925855502447,0.0010709732782036,0.0070662809754226,0.0017615992961802,0.009517700326754,modern
44,0.0027717693898351,0.0073876966909117,0.0040973231153975,0.0083389810383149,0.0071478781495913,5.97641468586419e-06,0.0017262038736857,0.0007052635483491,0.0039673862745009,0.0001485448628626,0.0005796771352501,0.0020546375467412,0.0039889395859352,0.0048884454907417,0.0178050408919191,0.018248666510409,0.0076181366949651,0.0023068149617241,modern
45,0.001224192334062,0.0012669961069727,0.0006921061607041,0.0018686589641568,0.0088059260393828,0.0032023983449914,0.005152653482898,0.0039779131115161,0.0029772284617502,0.0007191985429904,0.0012139162740343,0.0032303952523128,0.004361007548281,0.0046473392106258,0.0032796614131784,0.0046773866116873,0.0052907621407121,0.0025648386380324,modern
46,0.0012960604181563,0.0007014878981874,0.0019736048695479,0.0005231662443319,0.0037962478690758,0.0008206222497436,0.0002272255528339,0.0025704174972876,0.0003767731244206,0.0017836297520194,0.0082713175889427,0.0015326291467657,0.001426661737347,0.0003644309336319,2.67489971831041e-05,0.0076714196890342,0.0009063244853215,0.0010945120749583,modern
47,0.0019478765566743,0.0055454127388068,0.000351550914867,0.0058934954846737,0.0033761336187751,0.0093383861060501,0.0082328141235252,0.0116868377472198,0.0014381059376409,0.0003921517161592,0.0010489485731884,0.0074805075349584,0.0071576155863538,0.0072251241530397,0.0012227662265109,0.0088379244030011,0.0010846388617699,0.0022139199286597,modern
48,0.0066626334536387,0.0051274874547645,0.002978855497424,0.0043335193428981,0.0012542091951971,0.001618925347099,0.0013339071963313,0.0020080654243752,2.29902295843381e-05,0.0073866306967238,0.0010530534578415,0.0030163524368166,0.0010196999298063,0.0056494442193995,0.0083476844882869,0.0001518425710294,3.65599113383614e-05,0.0036030278096523,modern
49,0.0031370803137358,0.0023436221876047,0.00318018898429,0.0137163604005605,0.002634938078319,0.0013317128439026,0.0019619742144464,0.0166087021913257,0.005776665846885,0.0006877784758259,0.0020600560722814,0.0066722889586552,0.0002099044026526,0.0001686004297559,0.0096309082563956,0.0019666839926529,7.63841694005298e-05,0.0046467700157138,modern
50,0.0001761775049759,0.0055398491731702,0.0120831290416423,0.0096014481675193,0.0060677901521811,0.0019637932725015,0.005325411696498,0.0003097363714675,0.0011226822129685,0.0062437005348049,0.0002388969343887,0.0007847526916643,0.0027736015784058,0.0056729393213826,0.000488639013531,0.0116438494976605,0.003809142926883,0.0006980897409287,modern
51,0.0026216882712104,0.0052340715890444,0.0016960777053609,0.0027379904515076,0.000472082617049,0.018336472006977,0.0012972732976601,0.0035954549196017,0.0139631273603036,0.0033708702410455,0.0034237353957882,0.0082245780266704,0.0005881321469362,0.0028259918948317,0.0046337154789231,0.0005421114580676,0.0027647907870867,0.0143223773049912,modern
52,0.0066940902223048,0.0010849418840686,0.0088720327177661,0.0010512363263745,0.0026867944360265,0.0042496747798065,0.0010302184645106,0.0038018010170425,0.0112436214913562,0.0018354690525778,0.0026010307364041,1.09022562357252e-05,0.0070155983405627,0.0126932754778891,0.0058905143270534,0.0030586134916422,0.00396240439161,0.0030137561908065,modern
53,0.0003152982625379,0.0109215088531769,0.0053948640269124,0.0027498330847177,0.000524103118625,0.0013735558487243,0.0049455664990383,0.0001299664782711,0.0002627501361799,0.0011338118975252,0.0108927179501743,0.0034399861347055,0.0032137130722285,0.0009804046524104,0.0065691140384398,0.0001057959781418,0.0036462545442066,0.0004167217472708,modern
54,0.0004002216134715,0.0016215964099911,0.0001924609954197,0.0048365272651834,6.78076579638124e-05,0.0025222908147148,0.0030909714155918,0.001948819334371,0.0001020270326797,8.01257564949886e-05,0.0030742139761412,0.0032031730018176,0.0052886065524677,0.00551650180432,0.0077843880477023,0.0031900926576606,0.0008453454792571,0.0099518716342371,modern
55,0.0093274441410651,0.0036910497057391,0.0021951086154732,0.006425167466644,0.0039680455616115,0.0014395950815005,0.0006194803641434,0.00272943738892,0.0126771924075611,0.0050667871916866,0.0003753718666777,0.0025293445354979,0.0026278907928737,0.0045178714955868,0.0001775045926032,0.0014669461193395,0.0002169635046143,0.0012794254329884,modern
56,0.0035570878304886,5.1146773960765e-05,0.0041589327766734,0.001966441198477,0.0053127046793198,0.0030062577334389,5.01066110957014e-05,5.25219437290968e-05,0.0075287913549085,0.0005614435937895,5.74701371448373e-05,0.001435322115422,0.0003716279998987,0.0044979342008093,0.002072957654444,0.0063332938117368,0.0017682390971933,0.0001320064472204,modern
57,0.0035842665474837,6.2010533197477e-05,0.0098711653252161,0.0043625366648521,0.000777700628373,0.0011673345421009,0.009066720510061,0.0041958999076924,0.0032080479562362,0.0041840137108874,0.0046499826697294,0.0100096927819922,0.0069445661211373,0.0142356339103052,0.0082149956993541,0.0076141362707762,0.0006877491402213,0.0098305263644657,modern
58,0.0022277219396517,0.0010025739144107,0.0011823128659738,0.0036079301397346,0.0032894367996223,0.0031471152196993,0.0053749661521168,0.0051664484426949,0.0029610882553805,0.0034621581993043,0.0079766773480663,0.0001743472296374,0.0006158876397165,0.0042363488525919,6.94322898919929e-05,0.0091623243399328,0.0022411231057945,0.00438457906921,modern
59,0.0038162290045292,0.002043212807841,0.0055545727467472,0.0138546851180864,0.0042005415591411,0.0285327482072633,0.0025453090572238,0.0033776445013924,0.0023332387294756,9.95818178695356e-05,0.0014262020404189,0.0001914770548505,0.0010355968500114,0.0060404380644906,0.0004244298611073,0.0003594820267592,0.0014957729080845,0.0063133157214277,modern
60,0.0002797061613705,0.0019181523415922,0.0122258279256366,0.0059651337591511,0.0021878160973547,0.0014731084378295,0.0085030853112386,0.0003160453141985,0.0050535140217763,0.0027286861141147,0.0005367606085236,0.0007422140796584,0.0006559343382525,5.678187871586e-05,0.0133709379568944,0.0016655185038775,0.0016652178709985,0.0080516501245353,modern
61,0.0089457969543664,0.0015413024207676,0.0032132361153719,0.0121201069775814,0.0019200909382584,0.0007174764350924,0.0033470394549303,0.0001260666955398,0.0064027336543881,0.0038938742724814,0.0020855883940543,0.0029799113610649,0.0052012474070529,0.0098000270132281,9.93341951578801e-05,0.000970432472414,0.007135264487164,0.0062866384804671,modern
62,0.0021175766973436,0.0003371538128977,0.003658290511923,0.0029720338431523,0.00082386016145,0.0006605285053835,0.000246742091064,0.0023867873510363,0.0021930905846136,0.0030812139553575,0.0082270257516528,0.0015625585373116,0.0030644090219838,0.0034947034468097,0.0066045772487861,0.0035334612696294,0.0001689292250589,0.0048036888290417,modern
63,0.0024697298946934,0.0022399994208125,0.002703505513822,0.0034992261372898,0.003559614542082,0.0047323697182852,0.0013840477834434,0.0111071311304979,0.0011138579138298,0.0003603585926731,0.001793326453298,0.0033550393496815,0.000377517273677,0.0018245231392559,0.0108105961743876,0.0021981521571294,0.0028063139862045,0.0025186784432296,modern
64,0.0008286197671667,0.0023705258944825,0.0054920049468254,0.0017311185296724,0.0045516306037473,0.0005334069145733,0.0011182152199151,0.0030018595430127,0.0010184456926553,0.0046745628479832,0.0066917850997081,0.004867043872239,0.0012422866887185,0.0004276186394447,0.0026296834947369,0.0008155627340573,0.0095438138286862,0.0003899856218328,modern
65,0.0093664391245359,0.0003692537183651,0.0072882423294155,0.0009917352322415,0.0060213606223728,7.59022717268132e-05,0.001758384082006,0.0033546872515255,3.42511470104825e-05,0.0039787236675086,0.0017663680790671,0.000353374470922,0.0012174644064623,0.0073706336051125,0.0003674417586607,0.011749106087912,0.0082059521304507,0.0033738827998346,modern
66,0.0041775471598485,0.0053772784117031,0.0001618169597572,0.0091691579675808,0.0100390853376504,0.000653526174983,0.0018316051667266,0.0015119056831524,0.0007441073763122,0.0001917948166666,0.0057369044250417,0.0022671636795244,0.0036702241146649,0.0009082995855529,0.0077955767495162,0.0021000045482168,0.0025094004916604,0.0056429524858181,modern
67,0.0020054958517596,0.0010692862931846,0.0062219235732951,0.004549186918802,0.0002021937182685,0.003209570897707,0.0005201244385603,0.003143812877501,0.0006934092003485,0.0009018701010694,0.0177557351965475,0.0034171207589262,0.0103584548871566,0.0066022091815869,0.0002669538711607,0.0022471539056903,0.0017764637359946,0.0010587924981818,modern
68,0.0008272210191692,0.002964746936232,0.0078210990021546,0.0029376106264027,0.0019937319331941,0.0038888094695082,0.0003432753779038,0.001258777769859,0.001541244077204,0.0035242748606102,0.002928516972416,0.0001885289010059,0.0007415785576958,0.0004686172728138,0.0010314715480942,0.0010989742615585,0.0029707049949078,0.0049147710709519,modern
69,0.0081031230678488,0.0137478813657169,0.006390297231383,0.0005873669979103,0.010700266907862,0.0015337064433937,0.0048543880586028,0.0009171322211485,0.002340929274956,0.002508622535119,0.0004042879028517,0.0002959418444228,0.0049469156916519,0.0073441195331374,0.0067581970088051,0.0028126335527399,0.0028774378993024,0.0028601712696431,modern
70,0.0003291592755304,0.0038166147353043,0.0169398772405693,0.0004627057060131,0.0004381391925107,0.0038790160682011,0.0001481626125656,0.0119637074548588,7.76151053298833e-05,0.0026509715413751,0.0056105056087379,0.002784582555964,0.0033149898781275,0.0027040930459052,0.0014163410957377,0.0064960370579977,0.0030338900422606,0.0037602389201104,modern
71,0.0002156576591152,0.0004327117185199,0.0068590403310565,0.0099624532704949,0.0016470207003375,0.012460517649022,0.0009317749336006,0.0033116819297917,0.0024126093521837,0.0072176786615452,0.0018182009470919,0.001376365413441,0.0056305952065758,0.0016149584369178,0.0004658073524963,0.0010899125463371,0.0003911348079752,0.0026323902040265,modern
72,0.0083107259985411,0.0027710961858805,7.6725642410715e-05,0.0006381397316469,0.0060894212884232,0.0117648666599552,0.0036939882150801,0.0018824718541853,0.0073338163339283,0.0038695926285614,0.0027032846239915,0.0088983358135224,0.0005835447540744,0.0030977612260676,0.0058919928795568,0.0024747833985784,0.0012861590435219,0.0016959279949751,modern
73,0.0092338676160534,0.0005290959200585,0.00079759959483,0.0002194288606845,0.003151135089116,0.0090079891147697,0.0043633674149598,0.0013542302874423,0.0048964303868214,0.0006756394146864,0.0044970043733774,0.0018750347485243,0.0073554260406348,0.0066362136075123,0.0002181245405435,0.0021901870945558,0.0055870945360936,0.0075643372724332,modern
74,0.0013554808617869,0.0018599398477102,0.0017998404979043,0.0015383528628845,0.0060412668312478,0.0043186179203967,0.0022081376779968,0.0058194864817053,0.0073672116508455,0.0082546620886885,0.0002975169351222,0.0013035847218727,0.0134926839710973,0.0026423144069559,0.0005385737415692,0.0019762455973707,0.0001466555582657,0.0026211898589868,modern
75,0.0059880239520958,0.0038910505836575,0.0064516129032258,0.0116618075801749,0.0,0.0115273775216138,0.0,0.009375,0.0,0.0,0.0195439739413681,0.0196078431372549,0.0175438596491228,0.0027397260273972,0.0219178082191781,0.003257328990228,0.0,0.0029411764705882,contaminated
76,0.0027134502923976,0.0019217042771646,0.0019132098443342,0.0010974057328475,0.0024925446209996,0.001342979682017,0.0011454207034792,0.0020311761927255,0.0023167454360114,0.0013891568589619,0.0030337078651685,0.0022593196937366,0.0016054150214778,0.0017596339961288,0.0016280195362344,0.0014177023770143,0.0021835075493612,0.0024678063445057,contaminated
77,0.0094086021505376,0.0054083288263926,0.0025020850708924,0.0040705563093622,0.0034858387799564,0.0078431372549019,0.0032649253731343,0.0043898156277436,0.0117136659436009,0.0011123470522803,0.0098414434117003,0.0104881000403388,0.0059770114942528,0.0077932731747333,0.0012970168612192,0.0069272637308263,0.007849978194505,0.0056155507559395,contaminated
78,0.0044600867744773,0.0030464857890398,0.0029784724270126,0.0025529358762577,0.0029717235996878,0.003220611916264,0.0020540271380555,0.0024207814779181,0.0025284064946537,0.0018118677336554,0.0035924110316955,0.0026917526917526,0.0023242647277928,0.0023306584847769,0.0026941684289811,0.002923884679473,0.002302786962683,0.0033217708272091,contaminated
79,0.0769230769230769,0.0540540540540541,0.0,0.0181818181818182,0.0,0.0,0.0,0.0862068965517241,0.0,0.117647058823529,0.0188679245283019,0.0,0.0,0.0,0.0,0.0,0.0,0.0,contaminated
80,0.0,0.0,0.0,0.0,0.0,0.0,0.0,0.0,0.0,0.153846153846154,0.0,0.0,0.0,0.25,0.0,0.0,0.0,0.0,contaminated
81,0.0,0.0,0.0,0.0,0.0,0.0,0.0,0.0,0.0,0.0,0.0,0.0,0.0,0.0,0.0476190476190476,0.0,0.0,0.0,contaminated
82,0.0,0.0,0.0,0.0,0.0,0.0,0.0,0.0,0.0,0.0,0.0,0.0,0.0,0.0,0.0,0.0,0.0,0.0,contaminated
83,0.0120481927710843,0.0043383947939262,0.0061224489795918,0.0060483870967741,0.0109649122807018,0.005859375,0.0086767895878524,0.0019120458891013,0.0,0.0055350553505535,0.0,0.0050335570469798,0.0,0.0,0.0050420168067226,0.0,0.0041322314049586,0.0057471264367816,contaminated
84,0.0664819944598338,0.0113960113960114,0.0241758241758242,0.0049504950495049,0.0143540669856459,0.0023640661938534,0.0023148148148148,0.0102040816326531,0.0021645021645021,0.069364161849711,0.0057306590257879,0.0093896713615023,0.0212765957446809,0.0,0.0169491525423729,0.0025062656641604,0.0,0.0021551724137931,ancient
85,0.0,0.0,0.0,0.0,0.0,0.0,0.0,0.0,0.0,0.0,0.0,0.0,0.0,0.0,0.0344827586206897,0.0,0.0,0.0,contaminated
86,0.0,0.0,0.0,0.0,0.0,0.0,0.0,0.0,0.0196078431372549,0.0,0.0,0.0,0.0,0.0,0.0,0.0327868852459016,0.0,0.0,contaminated
87,0.0,0.0,0.0,0.025,0.0,0.0,0.0,0.0,0.0,0.0,0.0,0.0,0.0,0.0,0.0,0.0,0.0,0.0,contaminated
88,0.0,0.0,0.0,0.0,0.0,0.0,0.0,0.0,0.0,0.0,0.0,0.0,0.0,0.0,0.0,0.0,0.0,0.0,contaminated
89,0.028957528957529,0.0054192812321734,0.0071056371387967,0.0013185654008438,0.0057242409158785,0.0059037238873751,0.0045754956786985,0.0054432348367029,0.006586685485768,0.0254484772632457,0.0085824208345664,0.0071652485445588,0.0051319648093841,0.005393478793822,0.0041998231653404,0.0053022269353128,0.0046890424481737,0.0045641259698767,ancient
90,0.0158730158730159,0.0,0.0,0.0,0.0,0.0049019607843137,0.009009009009009,0.0,0.0056179775280898,0.0,0.0053191489361702,0.0121457489878543,0.0,0.0,0.0073260073260073,0.0,0.0095238095238095,0.0130434782608696,contaminated
91,0.0,0.0,0.0,0.0,0.0,0.0,0.0,0.0,0.0,0.0,0.0,0.0434782608695652,0.0,0.0,0.0,0.0,0.0,0.0,contaminated
92,0.4,0.0,0.0,0.0,0.0,0.0,0.0,0.0,0.0,0.0,0.0,0.0,0.0,0.0,0.0,0.0,0.0,0.0,contaminated
93,0.0378378378378378,0.0059171597633136,0.0072815533980582,0.0025125628140703,0.0024213075060532,0.0118203309692671,0.0188172043010753,0.0091533180778032,0.0052083333333333,0.0088888888888888,0.0242214532871972,0.0080321285140562,0.0024813895781637,0.0155038759689922,0.0021691973969631,0.0115273775216138,0.0264423076923077,0.0069124423963133,contaminated
94,0.0,0.0,0.0,0.0,0.0,0.0,0.0,0.0,0.0,0.0,0.0,0.0,0.0,0.0,0.0,0.0,0.0,0.0,contaminated
95,0.0391260577367834,0.0192182502618097,0.0141720537046246,0.0097255295149768,0.0097532036070242,0.012442156955331,0.0126739254445795,0.0098084106518857,0.0119953596287703,0.0269229937504055,0.0171780942592864,0.0125869716962014,0.0118471181024948,0.0100895300830357,0.0100744734317175,0.0105602029119821,0.0096409497607102,0.0117342065766135,ancient
96,0.0,0.0,0.0,0.0,0.0,0.0,0.0,0.0,0.0,0.0,0.0,0.0,0.0,0.0,0.0,0.0,0.0,0.0,contaminated
97,0.0,0.0,0.0,0.0,0.0,0.0,0.0,0.0,0.0,0.0,0.0,0.0,0.0,0.0,0.0,0.0,0.0,0.0,contaminated
98,0.0,0.0,0.010989010989011,0.0089686098654708,0.0096153846153846,0.0102040816326531,0.0,0.0188679245283019,0.0197044334975369,0.0049261083743842,0.0,0.0,0.0,0.0,0.055045871559633,0.0,0.0,0.0,contaminated
99,0.0,0.0,0.0,0.0,0.0,0.0,0.0,0.0,0.0,0.0,0.0,0.0,0.0,0.0,0.0,0.0,0.0,0.0,contaminated
100,0.0303030303030303,0.0,0.0,0.0,0.0,0.0,0.0,0.0,0.0,0.114285714285714,0.0,0.0,0.0,0.0,0.0,0.0,0.131578947368421,0.0,contaminated
101,0.0769230769230769,0.1,0.0,0.0,0.0,0.0,0.0,0.0,0.0,0.1,0.0,0.0,0.0,0.0697674418604651,0.0,0.0,0.0,0.0,contaminated
102,0.0,0.0,0.0,0.0,0.0,0.0,0.0,0.0,0.0,0.263157894736842,0.0,0.0,0.0,0.0,0.0,0.0,0.0,0.0,contaminated
103,0.0123360093988643,0.0042140750105351,0.0050358318806895,0.0044913102909588,0.0033962264150943,0.0039675042508974,0.0047609979051609,0.0061814556331007,0.005054432348367,0.0087275266189561,0.006006006006006,0.0048471290082028,0.0062034739454094,0.0040307101727447,0.0053243936107276,0.0067527308838133,0.0058060770272885,0.0049495149475351,contaminated
104,0.0066666666666666,0.0,0.0,0.0,0.0,0.0,0.0,0.0051546391752577,0.0,0.0,0.0,0.0,0.0,0.005524861878453,0.0,0.0136054421768707,0.0,0.0,contaminated
105,0.0,0.0,0.0,0.0,0.1,0.0,0.0,0.0,0.0,0.0,0.0,0.0,0.0,0.0,0.0,0.0,0.0,0.0,contaminated
106,0.0,0.0,0.0204081632653061,0.0,0.0,0.0,0.0,0.024390243902439,0.0,0.0,0.0,0.0,0.0,0.0,0.0,0.0,0.0,0.0,contaminated
107,0.0054237288135593,0.0075598488030239,0.0072202166064982,0.0031779661016949,0.0028248587570621,0.0053890198720107,0.00342335488779,0.0018684603886397,0.0039138943248532,0.0031939605110336,0.0030146425495262,0.0117574257425743,0.0030612244897959,0.0057724957555178,0.0059598494353826,0.003254972875226,0.0030591434398368,0.0042497548218372,contaminated
108,0.0121457489878543,0.0,0.016,0.017921146953405,0.0,0.0,0.0,0.0,0.0,0.0092307692307692,0.0,0.0,0.0,0.0070175438596491,0.0,0.0034602076124567,0.0,0.0,contaminated
109,0.0036363636363636,0.0,0.0040322580645161,0.0034602076124567,0.0,0.0077220077220077,0.0,0.0086580086580086,0.0,0.0065573770491803,0.0,0.0031152647975077,0.0,0.0,0.0038910505836575,0.0040650406504065,0.0,0.0,contaminated
110,0.0,0.0,0.0,0.0,0.0,0.0188679245283019,0.0,0.0,0.0,0.0,0.0,0.0,0.0,0.0,0.0,0.0,0.0,0.0,contaminated
111,0.0081312210850974,0.0066100094428706,0.0050538635456842,0.0049631120053655,0.0068683133007528,0.0058239576439444,0.0037410071942446,0.0039024390243902,0.005624591236102,0.0062681369704004,0.0068221481834047,0.0088916718847839,0.0049130261585446,0.0040056854890812,0.0055009823182711,0.004963834917033,0.0046847811537946,0.0035391270153362,contaminated
112,0.0697674418604651,0.0,0.0,0.0051546391752577,0.0046511627906976,0.0,0.0059171597633136,0.0,0.0159574468085106,0.0384615384615385,0.0121951219512195,0.0052356020942408,0.0057142857142857,0.0,0.0,0.0,0.0239234449760766,0.0172413793103448,contaminated
113,0.0,0.0,0.0,0.0,0.0,0.0,0.0,0.0,0.0,0.0,0.0,0.0,0.0,0.0,0.0,0.0,0.0,0.0,contaminated
114,0.0,0.0,0.0,0.0,0.0,0.0,0.0,0.0,0.0,0.0,0.0,0.0,0.0,0.0,0.0,0.0,0.0,0.0,contaminated
115,0.0879753748386456,0.0126594061249186,0.0084079408330089,0.0084752945164844,0.0086255542120112,0.0080054894784995,0.0084621643612693,0.0083261330610321,0.0079347086828383,0.0648495457197633,0.010427211986232,0.0105816244617967,0.0049644216448783,0.0055147058823529,0.0075132038979394,0.0080786208045306,0.0072252113758647,0.0068854380310577,ancient
116,0.0754716981132075,0.0,0.0,0.0,0.0,0.0,0.0,0.0,0.0,0.136363636363636,0.0,0.0,0.0,0.0256410256410256,0.0,0.0,0.0540540540540541,0.0,contaminated
117,0.0,0.0,0.0,0.0,0.0,0.0,0.0,0.0,0.0,0.0,0.0,0.0,0.0,0.0,0.0,0.0,0.0,0.0,contaminated
118,0.0,0.0,0.0,0.0,0.0,0.0714285714285714,0.0,0.0,0.0,0.0,0.0,0.0,0.0,0.0,0.0,0.0,0.0,0.0,contaminated
119,0.0,0.0,0.0,0.0,0.0769230769230769,0.0,0.0,0.0,0.0,0.0,0.0,0.0,0.0,0.0,0.0,0.0,0.0,0.0,contaminated
120,0.0,0.0,0.0,0.0,0.0,0.0057471264367816,0.0,0.0,0.0,0.0210526315789474,0.0,0.0,0.0061349693251533,0.0158730158730159,0.0072463768115942,0.0,0.0,0.0,contaminated
121,0.0338983050847458,0.0,0.0,0.0,0.006578947368421,0.0,0.0,0.0260869565217391,0.0069444444444444,0.0,0.0,0.0,0.0,0.0396825396825397,0.0206896551724138,0.0217391304347826,0.0,0.0,contaminated
122,0.05,0.0089285714285714,0.0367647058823529,0.0,0.0,0.0,0.0,0.0,0.0,0.0,0.0,0.0,0.0,0.0074074074074074,0.0,0.0078125,0.0,0.0,contaminated
123,0.0025515947467167,0.002335399263451,0.003010752688172,0.0031766659446971,0.0025212505402679,0.0024786760953561,0.0033947623666343,0.0033248891703609,0.0040822497732083,0.0034017890890764,0.0037790174554615,0.0044690501600853,0.003922993098438,0.0027466570292735,0.0028118240807498,0.0016519823788546,0.0042719304706488,0.0032689234345488,contaminated
124,0.0,0.0,0.0,0.0,0.0,0.0,0.0,0.0,0.0062111801242236,0.0,0.0,0.0,0.0,0.0,0.0,0.0,0.0402684563758389,0.0,contaminated
125,0.0,0.0,0.0,0.0,0.0,0.0,0.0,0.0,0.0,0.0,0.0,0.0,0.0,0.0,0.0,0.0,0.0,0.0,contaminated
126,0.0324675324675325,0.0,0.0,0.0,0.0,0.0,0.0,0.0,0.0,0.0,0.0,0.0,0.0,0.0,0.0,0.0,0.0,0.0204081632653061,contaminated
127,0.0039549308598418,0.0044234237299669,0.0034988561431839,0.0034136432883823,0.0030873640586321,0.002886042548513,0.0031213660566742,0.0043337890113725,0.0044755244755244,0.0029245327880545,0.0056867023738676,0.0041154328732747,0.0031146689981148,0.0036114021061917,0.0040648232336738,0.0036349435231915,0.0041342070478386,0.0039662865642042,contaminated
128,0.0,0.0,0.0,0.0,0.0175438596491228,0.0,0.0,0.0,0.0,0.0181818181818182,0.0,0.0,0.08,0.0,0.0,0.0,0.0,0.0,contaminated
129,0.0136054421768707,0.0106382978723404,0.0061349693251533,0.0,0.0121951219512195,0.0121212121212121,0.0,0.0,0.0,0.0,0.0,0.0408163265306122,0.0201342281879195,0.0106951871657754,0.0162162162162162,0.0,0.0053763440860215,0.0,contaminated
130,0.0,0.0,0.0,0.0,0.0,0.0,0.0,0.0,0.0,0.166666666666667,0.0,0.0,0.0,0.0,0.0,0.0,0.0,0.0,contaminated
131,0.0551724137931034,0.0,0.0121212121212121,0.0,0.0142857142857143,0.006578947368421,0.0,0.0,0.0220994475138122,0.0421052631578947,0.0114942528735632,0.0,0.0114942528735632,0.0,0.0212765957446809,0.0,0.0,0.0652173913043478,contaminated
132,0.0,0.0,0.0180722891566265,0.0067567567567567,0.0,0.0063694267515923,0.0,0.0,0.0114285714285714,0.0060240963855421,0.0,0.0102040816326531,0.0,0.0,0.0,0.0,0.0,0.0,contaminated
133,0.0645161290322581,0.0,0.0,0.0344827586206897,0.0,0.0,0.0,0.0,0.0,0.0882352941176471,0.0,0.0,0.0,0.0,0.0,0.0,0.0,0.0,contaminated
134,0.0,0.0,0.0,0.0,0.0,0.0,0.0,0.0,0.0,0.0,0.0,0.0,0.0,0.0,0.0,0.0,0.0,0.0,contaminated
135,0.206896551724138,0.0,0.0,0.0,0.0,0.0285714285714286,0.0,0.0,0.0,0.0196078431372549,0.0,0.0,0.0,0.0,0.0,0.0,0.0,0.0,contaminated
136,0.0030959752321981,0.0,0.0137741046831956,0.0231958762886598,0.0,0.0,0.0103448275862069,0.0096774193548387,0.0,0.0094117647058823,0.0,0.0079575596816976,0.008130081300813,0.0025974025974026,0.0,0.0,0.0028653295128939,0.0,contaminated
137,0.0377358490566038,0.0,0.0,0.0,0.0,0.0,0.0,0.0,0.0,0.0,0.0714285714285714,0.0,0.0,0.0,0.0,0.0,0.0,0.0,contaminated
138,0.0,0.0,0.0,0.0,0.0,0.0,0.0,0.0,0.0,0.0,0.0,0.0,0.0,0.0,0.0,0.0,0.0,0.0,contaminated
139,0.0,0.0,0.0,0.0,0.0,0.0,0.0,0.0,0.0,1.0,0.0,0.0,0.0,0.0,0.0,0.0,0.0,0.0,contaminated
140,0.025,0.0,0.004739336492891,0.0,0.0054054054054054,0.0,0.0,0.0,0.0,0.0,0.0184049079754601,0.0,0.0,0.0,0.0,0.0,0.0,0.0057803468208092,contaminated
141,0.0555555555555556,0.0,0.0,0.0,0.0,0.0,0.0,0.0,0.0,0.0606060606060606,0.0,0.0,0.0,0.0,0.0,0.0,0.0,0.0384615384615385,contaminated
142,0.0,0.0,0.0,0.0,0.0,0.0,0.0,0.0,0.0,0.0,0.0,0.0,0.0186915887850467,0.0,0.0091743119266055,0.0,0.0,0.0,contaminated
143,0.0,0.0,0.0,0.0,0.0,0.0,0.0,0.0,0.0,0.0,0.0,0.0,0.0,0.0,0.0,0.0,0.0,0.0,contaminated
144,0.0876811594202899,0.0065093572009764,0.0082908163265306,0.0069841269841269,0.0042117930204572,0.0089020771513353,0.007361963190184,0.0067114093959731,0.0060386473429951,0.0700594844679445,0.0134706814580032,0.0070603337612323,0.011826544021025,0.0045901639344262,0.0029086678301338,0.0090322580645161,0.0081348053457292,0.0104712041884817,ancient
145,0.333333333333333,0.0,0.0,0.0,0.0,0.0,0.0,0.0,0.0,0.111111111111111,0.0,0.0,0.0,0.0,0.0,0.0,0.0,0.0,contaminated
146,0.025,0.0,0.0,0.0,0.0,0.0,0.0,0.0,0.0232558139534884,0.0294117647058824,0.0217391304347826,0.04,0.0185185185185185,0.0,0.0,0.0,0.0,0.0204081632653061,contaminated
147,0.0,0.0,0.0,0.0,0.0,0.0,0.0,0.0,0.0,0.0,0.0,0.0,0.0,0.0,0.0,0.0,0.0,0.0,contaminated
148,0.0,0.0,0.0,0.0,0.0,0.0,0.0,0.0,0.0,0.0652173913043478,0.0,0.0833333333333333,0.0,0.0,0.0,0.0,0.0,0.0,contaminated
149,0.0,0.0,0.0,0.0,0.0,0.0,0.0,0.0,0.0,0.0,0.0,0.0,0.0,0.0,0.0,0.0,0.0,0.0,contaminated
150,0.0147783251231527,0.0087463556851312,0.0118483412322275,0.0,0.0190930787589499,0.0022675736961451,0.0,0.0156599552572707,0.0046189376443418,0.0105263157894737,0.0,0.0120240480961924,0.0022421524663677,0.0142517814726841,0.0113378684807256,0.0046082949308755,0.0103950103950104,0.0022573363431151,contaminated
151,0.162162162162162,0.0,0.0689655172413793,0.0,0.0,0.0,0.0,0.0,0.0357142857142857,0.0,0.0263157894736842,0.0,0.0,0.0,0.0,0.0,0.0,0.0,contaminated
152,0.0,0.0,0.0,0.0,0.0,0.0,0.0,0.0,0.0024937655860349,0.0,0.0,0.0,0.0,0.0,0.0,0.0,0.0,0.0,contaminated
153,0.0684080285949959,0.0085619535725052,0.005952075529786,0.0049178715451952,0.0054079923426657,0.0051457975986277,0.0048074611797509,0.0047795023404779,0.0048848235237776,0.0553233341529383,0.0093116899458915,0.0062429057888762,0.0065682307813567,0.0070205138418641,0.0057317916790196,0.0059960715393363,0.0063495213056203,0.005132140630246,ancient
154,0.0638297872340425,0.0,0.0,0.0,0.0,0.0,0.0,0.0,0.0,0.0,0.0,0.0,0.0,0.0,0.0,0.0,0.025,0.0,contaminated
155,0.0142857142857143,0.0,0.0108695652173913,0.0,0.0106382978723404,0.0,0.0,0.0,0.0,0.0285714285714286,0.0,0.0,0.0,0.0,0.0506329113924051,0.0,0.0266666666666667,0.0126582278481013,contaminated
156,0.0,0.0,0.0,0.0,0.0,0.0,0.0,0.0,0.0,0.0,0.0,0.0,0.0,0.0,0.0,0.0,0.0,0.0,contaminated
157,0.0029120559114735,0.0070028011204481,0.0039772727272727,0.0028835063437139,0.0080299785867237,0.0076380728554641,0.0033355570380253,0.0038986354775828,0.0083752093802345,0.0051440329218107,0.0052238805970149,0.005533199195171,0.0005889281507656,0.0029585798816568,0.0054854635216675,0.0062383031815346,0.007416563658838,0.005008347245409,contaminated
158,0.0,0.0,0.0,0.0,0.0,0.0,0.0,0.0,0.0,0.0,0.0,0.0,0.0,0.0,0.0,0.0,0.0,0.0,contaminated
159,0.0,0.0,0.0,0.0,0.0,0.0,0.0,0.0,0.0,0.0,0.0,0.0,0.0,0.0,0.0,0.0,0.0,0.0,contaminated
160,0.0,0.0,0.0,0.0,0.0,0.0,0.0,0.0,0.0,0.0,0.0,0.0384615384615385,0.0,0.0,0.0,0.0,0.0,0.0,contaminated
161,0.0,0.0,0.0,0.0,0.0,0.0,0.0,0.0,0.0,0.0,0.0,0.0,0.0,0.0,0.0,0.0,0.0,0.0,contaminated
162,0.0,0.0,0.0,0.0,0.0,0.0,0.0,0.0,0.0,0.0,0.0,0.0,0.0,0.0,0.0,0.0,0.0,0.0,contaminated
163,0.102230483271375,0.0071301247771836,0.0082644628099173,0.0047694753577106,0.0077041602465331,0.0051948051948051,0.0080775444264943,0.0,0.0053120849933598,0.0624048706240487,0.0072595281306715,0.0081632653061224,0.0104166666666667,0.0066006600660066,0.0043795620437956,0.0,0.0029629629629629,0.0014064697609001,ancient
164,0.0,0.0113636363636364,0.0,0.0,0.0272727272727273,0.0,0.0,0.0,0.0,0.0,0.0,0.0,0.0,0.0,0.0176991150442478,0.0,0.0,0.0126582278481013,contaminated
165,0.0,0.0,0.0,0.0,0.0227272727272727,0.0112359550561798,0.0,0.0,0.0,0.0105820105820106,0.0,0.0,0.0,0.0,0.0,0.0071942446043165,0.0,0.0,contaminated
166,0.0,0.015748031496063,0.0,0.0077519379844961,0.0,0.0,0.0,0.0,0.0,0.0,0.0079365079365079,0.0,0.0,0.0070422535211267,0.0204081632653061,0.0,0.0,0.0104712041884817,contaminated
167,0.0,0.0,0.0,0.0573770491803279,0.0,0.0,0.0,0.0,0.0082644628099173,0.0,0.0,0.0,0.0,0.0,0.015625,0.0194174757281553,0.0510204081632653,0.0116279069767442,contaminated
168,0.0092592592592592,0.0,0.0192307692307692,0.0,0.037037037037037,0.0388349514563107,0.0,0.0,0.0,0.0,0.0,0.0,0.0175438596491228,0.0,0.0333333333333333,0.0,0.0,0.0,contaminated
169,0.0612244897959184,0.0102040816326531,0.0,0.0,0.0,0.0,0.0,0.0,0.0,0.0058479532163742,0.0,0.0,0.0,0.0,0.0,0.0,0.0,0.0,contaminated
170,0.0,0.0,0.0,0.0,0.0,0.0,0.0,0.0,0.0,0.0,0.0,0.0,0.0,0.0,0.0,0.0,0.0,0.0,contaminated
171,0.0,0.0,0.0,0.0,0.0,0.0,0.0,0.0,0.0,0.0,0.0,0.0,0.0,0.0,0.0,0.0,0.0,0.0,contaminated
172,0.0070921985815602,0.0042372881355932,0.0085836909871244,0.0038910505836575,0.0040816326530612,0.0088888888888888,0.0,0.0040160642570281,0.0,0.0081521739130434,0.0,0.0070422535211267,0.0036231884057971,0.0,0.0,0.0,0.0,0.0,contaminated
173,0.0,0.0,0.0,0.0,0.0,0.0,0.0,0.0,0.0,0.0,0.0,0.0,0.0,0.0,0.0,0.0,0.0,0.0,contaminated
174,0.0,0.0,0.0,0.0,0.0,0.0,0.0,0.0,0.0,0.0,0.0,0.0,0.0,0.0,0.0,0.0,0.0,0.0,contaminated
175,0.0,0.0,0.0,0.0,0.0,0.0,0.0,0.0,0.0,0.0,0.0,0.0,0.0,0.0,0.0,0.0,0.0,0.0,contaminated
176,0.0344827586206897,0.0,0.0,0.0,0.0,0.0,0.0,0.04,0.0,0.0,0.0,0.0,0.0,0.0,0.0,0.0,0.0,0.0,contaminated
177,0.0,0.0,0.0,0.0,0.0,0.0,0.0,0.0,0.0,0.0,0.0,0.0,0.0,0.0,0.0,0.0,0.0,0.0,contaminated
178,0.0,0.0,0.0020833333333333,0.0109170305676856,0.0018148820326678,0.0,0.0193548387096774,0.0085106382978723,0.0,0.006060606060606,0.0,0.0069324090121317,0.0,0.0,0.0164533820840951,0.0,0.0,0.0192307692307692,contaminated
179,0.0011185682326621,0.0,0.0084121976866456,0.0,0.0011778563015312,0.0079726651480637,0.0,0.0023529411764705,0.0067643742953776,0.0035398230088495,0.0054794520547945,0.0055493895671476,0.0164512338425382,0.0047114252061248,0.0023446658851113,0.0,0.0,0.0045924225028702,contaminated
180,0.0032079070573955,0.0052955902176006,0.0044598612487611,0.0030258573262424,0.0042129795625672,0.0052342543332761,0.0039851222104144,0.0045045045045045,0.0026652910325853,0.003638399104394,0.0088317944600562,0.0043838673680854,0.0048489046670707,0.002834415287556,0.0050155655482532,0.0029638943775821,0.0027303754266211,0.0029848271287621,contaminated
181,0.0042181742492983,0.0052101923604494,0.0043695392341261,0.0043444720751134,0.0040665026415315,0.0042921965905247,0.004019964332244,0.0039929647763464,0.0039632120817222,0.002956817598242,0.0053919586102696,0.0048915231383352,0.0046028269531362,0.0041715770302121,0.0047114700392955,0.0044835048074923,0.0041594665319114,0.0040671355143499,contaminated
182,0.0,0.0,0.0,0.0,0.0,0.0,0.0,0.0,0.0,0.0,0.0,0.0,0.0,0.0,0.0,0.0,0.0,0.0,contaminated
183,0.0,0.0,0.0,0.0,0.0,0.0,0.0,0.0,0.0,0.0,0.0,0.0,0.0,0.0,0.0,0.0,0.0,0.0,contaminated
184,0.0,0.0,0.0,0.0,0.0,0.0,0.0,0.0,0.0,0.0,0.0,0.0,0.0,0.0,0.0,0.2,0.0,0.0,contaminated
185,0.0,0.0,0.0,0.0,0.0,0.0,0.0,0.0,0.0,0.0,0.0,0.0,0.0,0.0,0.0,0.0,0.0,0.0,contaminated
186,0.0360576923076923,0.0163934426229508,0.0045454545454545,0.0,0.0,0.0137931034482759,0.0,0.0,0.0106382978723404,0.0,0.0,0.0295566502463054,0.0053333333333333,0.0073529411764705,0.0,0.0,0.0044247787610619,0.009367681498829,contaminated
187,0.0,0.0,0.0,0.0,0.0,0.0,0.0,0.0,0.0,0.0,0.0,0.0,0.0,0.0,0.0,0.0,0.0,0.0,contaminated
188,0.15,0.0,0.0,0.0,0.0,0.0,0.0,0.0,0.0,0.0,0.0,0.0,0.0,0.0,0.0,0.0,0.0,0.0,contaminated
189,0.0,0.0,0.0,0.0,0.0,0.0,0.0,0.0,0.0,0.0,0.0,0.0,0.0,0.0,0.0,0.0,0.0,0.0,contaminated
190,0.0,0.0,0.0,0.0,0.0,0.0,0.0,0.0449438202247191,0.0659340659340659,0.0,0.0,0.0,0.0,0.0,0.0,0.0,0.0,0.0,contaminated
191,0.0,0.0,0.0,0.0,0.0,0.0,0.0,0.0,0.0,0.0,0.0,0.0,0.0,0.0,0.0,0.0,0.0,0.0,contaminated
192,0.0644887568943572,0.0090984284532671,0.0096222380612972,0.0070977917981072,0.0077355836849507,0.0018274853801169,0.0035906642728904,0.0014372978799856,0.0048159614723082,0.0323797547940899,0.0091889732321214,0.0039138943248532,0.0106707317073171,0.0038358266206367,0.0066783831282952,0.0047289923608584,0.0077057793345008,0.0037364130434782,ancient
193,0.0192307692307692,0.0,0.0,0.0,0.0,0.0,0.0,0.0,0.0173410404624277,0.0,0.0076923076923076,0.0,0.0,0.0,0.0,0.0,0.0,0.0,contaminated
194,0.0,0.0,0.0,0.0,0.0,0.0,0.0,0.0,0.0,0.0,0.0,0.0,0.0,0.0,0.0,0.0,0.0,0.0,contaminated
195,0.0,0.0,0.0,0.0,0.0,0.0,0.0,0.0,0.0,0.0,0.0,0.0,0.0,0.0,0.0,0.0,0.0,0.0,contaminated
196,0.0041322314049586,0.0052356020942408,0.0112612612612613,0.0,0.0,0.0086767895878524,0.0158415841584158,0.0083333333333333,0.0,0.0083892617449664,0.0095465393794749,0.0019230769230769,0.0251937984496124,0.0020449897750511,0.0041067761806981,0.0102249488752556,0.0,0.0,contaminated
197,0.0,0.0,0.0,0.0,0.0,0.0,0.0,0.0,0.0,0.0,0.0,0.0,0.0,0.0,0.0,0.0,0.0,0.0,contaminated
198,0.0588235294117647,0.0,0.0132743362831858,0.0,0.0078247261345852,0.0098360655737704,0.001865671641791,0.0089445438282647,0.0032310177705977,0.0514096185737977,0.0258620689655172,0.0080128205128205,0.0104166666666667,0.011864406779661,0.0141287284144427,0.0066225165562913,0.0195195195195195,0.0017064846416382,ancient
199,0.0,0.0,0.0,0.0,0.0,0.0,0.0,0.0,0.0,0.0,0.0,0.0,0.0,0.0,0.0,0.0,0.0,0.0,contaminated
200,0.0,0.0,0.0,0.0,0.0,0.0,0.0,0.0,0.0,0.0,0.0,0.0,0.0,0.0,0.0,0.0,0.0,0.0,contaminated
201,0.0547945205479452,0.0,0.0,0.0,0.0,0.0,0.0,0.0,0.0,0.0410958904109589,0.0,0.0,0.0,0.0,0.0,0.0,0.0,0.0,contaminated
202,0.0,0.0,0.0,0.0,0.0,0.0,0.0,0.0,0.0,0.0,0.0,0.0,0.0,0.75,0.0,0.0,0.0,0.0,contaminated
203,0.0,0.0,0.0,0.0,0.0,0.0,0.0,0.0,0.0,0.0,0.0,0.0,0.0,0.0,0.0,0.0,0.0,0.0,contaminated
204,0.0,0.0,0.0,0.0,0.0,0.0,0.0,0.0,0.0,0.0,0.6,0.0,0.571428571428571,0.0,0.0,0.0,0.0,0.0,contaminated
205,0.0,0.0,0.0,0.0,0.0,0.0,0.0,0.0,0.0,0.0,0.0,0.0,0.0,0.0,0.0,0.0,0.0,0.0,contaminated
206,0.0077709265985302,0.0059004843681197,0.0051357870982802,0.0044433473216489,0.0065874035989717,0.0046061363104067,0.0061277398067405,0.0044950786638766,0.0047502298498314,0.0053482827501772,0.0074534161490683,0.0086069493146318,0.0042546091599232,0.0089511906772504,0.0076500119531436,0.0043027081751455,0.0057643714466203,0.0057328788348311,contaminated
207,0.0,0.0,0.0,0.0,0.0,0.0,0.0,0.0,0.0,0.0,0.0,0.0,0.0,0.0,0.0,0.0,0.0,0.0,contaminated
208,0.0,0.0,0.0,0.0,0.0,0.0,0.0,0.0,0.0,0.0,0.0,0.0,0.0,0.0,0.0,0.0,0.0,0.0,contaminated
209,0.0,0.0,0.0,0.0,0.0,0.0,0.0,0.0,0.0,0.0,0.0,0.0,0.0,0.0,0.0,0.0,0.0,0.0,contaminated
210,0.0014265335235378,0.0193704600484262,0.0217391304347826,0.0133228840125392,0.0113550340651022,0.0222513089005236,0.0,0.0007127583749109,0.0038585209003215,0.0125974805038992,0.0042301184433164,0.0024271844660194,0.0086455331412103,0.0068859984697781,0.0091549295774647,0.0008190008190008,0.0022238695329874,0.0074626865671641,contaminated
211,0.0,0.0,0.0,0.0,0.0,0.0,0.0,0.0,0.0,0.0,0.0,0.0266666666666667,0.0,0.0,0.0128205128205128,0.0,0.0,0.0,contaminated
212,0.0,0.0,0.0165289256198347,0.0,0.0083333333333333,0.0439024390243902,0.0292397660818713,0.0,0.0043103448275862,0.0,0.0,0.0,0.0,0.0056179775280898,0.032967032967033,0.0,0.0,0.028436018957346,contaminated
213,0.0,0.0,0.0,1.0,0.0,0.0,0.0,0.0,0.0,0.0,0.0,0.0,0.0,0.0,0.0,0.0,0.0,0.0,contaminated
214,0.0062465980664057,0.0051053325478975,0.0048000756662174,0.0037958347040514,0.004327927569396,0.0049206425780307,0.0046779781020052,0.0033264233717398,0.0044391408114558,0.0045060658578856,0.005046681806712,0.0054943770311659,0.004615883629831,0.0046833740222211,0.0039974337462369,0.0041889096063957,0.0041260225619499,0.0045657734324576,contaminated
215,0.0,0.0,0.0,0.0,0.0,0.0,0.0,0.0,0.0,0.0,0.0,0.0,0.0,0.102564102564103,0.0,0.0,0.0,0.0363636363636364,contaminated
216,0.0,0.0,0.0,0.0,0.0,0.0,0.0,0.0,0.0,0.0,0.0,0.0,0.0,0.0,1.0,0.0,0.0,0.0,contaminated
217,0.0,0.0,0.0,0.0,0.0,0.0,0.0,0.0,0.0,0.0,0.0,0.0,0.0,0.0,0.0,0.0,0.0,0.0,contaminated
218,0.0606060606060606,0.04,0.03125,0.0186915887850467,0.0,0.0232558139534884,0.0,0.0117647058823529,0.0,0.0,0.0,0.0,0.0,0.0,0.0,0.0458015267175573,0.0,0.0,contaminated
219,0.0,0.0,0.0,0.0,0.0,0.2,0.0,0.0,0.0,0.0,0.0,0.0,0.0,0.0,0.0,0.0,0.0,0.0,contaminated
220,0.0,0.008,0.0,0.0,0.0085470085470085,0.0,0.0,0.0,0.0291970802919708,0.0359281437125748,0.0175438596491228,0.0,0.0,0.0,0.0,0.0,0.0103092783505155,0.0,contaminated
221,0.0,0.0,0.0,0.0,0.0,0.0,0.0,0.0,0.0,0.0,0.0,0.0,0.0,0.0,0.185185185185185,0.0,0.0,0.0,contaminated
222,0.0,0.0,0.0,0.0,0.0,0.0,0.0,0.0,0.166666666666667,0.0,0.0,0.0,0.0,0.0384615384615385,0.0,0.0,0.0,0.0,contaminated
223,0.0,0.0,0.0,0.0,0.0,0.0,0.107142857142857,0.0,0.0,0.0,0.0,0.0,0.0,0.0,0.0,0.0,0.0,0.0,contaminated
224,0.0935672514619883,0.0181818181818182,0.0,0.0,0.0467836257309941,0.0,0.0,0.0,0.0,0.0,0.0082644628099173,0.0,0.0,0.0,0.0,0.0050761421319797,0.0,0.0,contaminated
225,0.108270676691729,0.0036630036630036,0.0053691275167785,0.0102564102564103,0.0058394160583941,0.0015898251192368,0.0113475177304965,0.0121951219512195,0.0125,0.06288532675709,0.0016891891891891,0.0014285714285714,0.0014947683109118,0.0279542566709022,0.0,0.0,0.0,0.0,ancient
226,0.0085959885386819,0.0010427528675703,0.0066793893129771,0.0,0.002803738317757,0.0071877807726864,0.0056232427366448,0.0101781170483461,0.001806684733514,0.0030534351145038,0.0020325203252032,0.0072463768115942,0.0008920606601248,0.0018315018315018,0.0070237050043898,0.0018348623853211,0.0067372473532242,0.0166015625,contaminated
227,0.0155440414507772,0.0,0.0,0.0,0.0,0.0,0.0,0.0,0.0220588235294118,0.0,0.0,0.0,0.0,0.0,0.0,0.0,0.0,0.0,contaminated
228,0.0,0.0,0.0,0.0,0.0,0.0,0.0,0.0,0.0,0.0,0.0,0.0,0.0,0.0,0.0,0.0,0.0,0.0,contaminated
229,0.0,0.0,0.0,0.0,0.0,0.0,0.0,0.0,0.0,0.0,0.142857142857143,0.0,0.0,0.0,0.0,0.0,0.0,0.0,contaminated
230,0.0079751883030571,0.0014818473697209,0.0025429116338207,0.0022461814914645,0.0025789813023855,0.0015404929577464,0.0039404553415061,0.005820219874973,0.0020828993959591,0.0014321518080916,0.0011731581417175,0.0021903624054161,0.0036554717843271,0.0025791324736225,0.0031499370012599,0.0011373976342129,0.0050611556305356,0.0036945812807881,contaminated
231,0.0,0.0,0.0,0.0,0.0,0.0,0.0,0.0,0.0,0.0,0.0,0.0,0.0,0.0,0.0,0.0,0.0,0.0,contaminated
232,0.0,0.0,0.0454545454545455,0.0,0.0,0.0,0.0,0.0275229357798165,0.0,0.0,0.0,0.0,0.0,0.0,0.0,0.0,0.0105263157894737,0.0,contaminated
233,0.0,0.0,0.0,0.0,0.0,0.0,0.0,0.0,0.0,0.0,0.0,0.0,0.0,0.0,0.0,0.0,0.0,0.0,contaminated
234,0.0410958904109589,0.0273972602739726,0.0,0.0,0.0,0.0689655172413793,0.0,0.0,0.0,0.0238095238095238,0.0,0.0,0.0,0.0,0.0,0.0,0.0,0.0,contaminated
235,0.0,0.0,0.0,0.0,0.0,0.0,0.0,0.0,0.0,0.0,0.0,0.0,0.0,0.0,0.0,0.0,0.0,0.0,contaminated
236,0.0,0.0,0.0,0.0,0.0,0.0,0.0,0.0,0.0,0.0,0.0,0.0,0.0,0.0,0.0,0.0,0.0,0.0,contaminated
237,0.0,0.0,0.333333333333333,0.0,0.0,0.0,0.0,0.0,0.0,0.0,0.0,0.0,0.0,0.0,0.25,0.0,0.0,0.0,contaminated
238,0.0,0.0,0.0,0.0,0.0,0.0,0.0,0.0,0.0,0.0,0.0,0.0,0.0,0.0,0.0,0.0,0.0,0.0,contaminated
239,0.032967032967033,0.0,0.0192307692307692,0.0178571428571429,0.0,0.0,0.0,0.0,0.0625,0.0,0.0,0.0,0.0,0.0,0.0112359550561798,0.01,0.0526315789473684,0.0,contaminated
240,0.0,0.0,0.0512820512820513,0.0,0.0,0.0,0.0,0.0,0.0,0.0,0.0,0.0,0.0,0.0,0.0222222222222222,0.0,0.0,0.0,contaminated
241,0.0,0.0,0.0,0.0,0.0,0.0,0.0,0.0,0.0,0.0,0.0,0.0,0.0,0.0,0.0,0.0,0.0,0.0,contaminated
242,0.0,0.0,0.0,0.0,0.0,0.0,0.0,0.0,0.0,0.0,0.0,0.0,0.0,0.0,0.0,0.0,0.0,0.0,contaminated
243,0.0,0.184210526315789,0.0,0.0,0.0,0.0,0.0,0.0,0.0,0.0,0.0294117647058824,0.0,0.0512820512820513,0.0,0.0,0.0,0.0,0.0476190476190476,contaminated
244,0.0,0.0,0.0,0.0,0.0,0.0,0.0,0.0,0.0,0.0,0.0,0.0,0.0,0.0,0.0,0.0,0.0,0.0,contaminated
245,0.171428571428571,0.0,0.0,0.0,0.0,0.0,0.0,0.0,0.0,0.0,0.0,0.0,0.0,0.0,0.0,0.0,0.0,0.0,contaminated
246,0.0,0.0,0.0,0.0,0.0,0.0,0.0,0.0,0.0,0.0,0.0,0.0,0.0,0.0,0.0,0.0,0.0,0.0,contaminated
247,0.0108695652173913,0.009090909090909,0.0,0.0101010101010101,0.0,0.028169014084507,0.0,0.0,0.0212765957446809,0.0972972972972973,0.0,0.0,0.0,0.0,0.0,0.0,0.0,0.0,contaminated
248,0.0,0.0,0.0,0.0,0.0,0.0,0.0,0.0,0.0,0.0,0.0,0.0,0.0,0.0,0.0,0.0,0.0,0.0,contaminated
249,0.0,0.0,0.0,0.0,0.0,0.0,0.0,0.0,0.0,0.0,0.0,0.0,0.0,0.0,0.0,0.0,0.0,0.0,contaminated
250,0.0,0.0,0.0,0.0,0.0,0.0,0.0,0.0,0.0,0.0,0.0,0.0,0.0,0.0,1.0,0.0,0.0,0.0,contaminated
251,0.0,0.0,0.0,0.0,0.0,0.0,0.0,0.0,0.0,0.0,0.0,0.0,0.0,0.0,0.0,0.0,0.5,0.0,contaminated
252,0.0,0.0,0.0,0.0,0.0,0.0,0.0,0.0,0.0,0.0,0.0,0.0,0.0,0.0,0.0,0.0,0.0,0.0,contaminated
253,0.0105708245243129,0.0197530864197531,0.0037105751391465,0.0142857142857143,0.0,0.0089686098654708,0.0,0.0,0.0152671755725191,0.0017211703958691,0.0025316455696202,0.0,0.0072115384615384,0.0,0.0,0.0043763676148796,0.0,0.012531328320802,contaminated
254,0.0,0.0,0.0,0.0,0.0,0.0,0.0,0.0,0.0,0.0,0.0,0.0,0.0,0.0,0.0,0.0,0.0,0.0,contaminated
255,0.0,0.0,0.0266666666666667,0.0,0.0,0.0506329113924051,0.0,0.0,0.0,0.0,0.0,0.0,0.0166666666666667,0.0,0.0,0.0,0.0,0.0,contaminated
256,0.0819377990430622,0.0115932427956277,0.0048090523338048,0.0049235553252137,0.004360092331367,0.0097548114948589,0.0072211821342605,0.005524861878453,0.0028735632183908,0.0767356881851401,0.0098695805428269,0.0115862068965517,0.0039968025579536,0.0104411380840512,0.0066564260112647,0.0092517006802721,0.0058464667005592,0.0046236835345491,ancient
257,0.0,0.0,0.0,0.0,0.0,0.0,0.0,0.0,0.0,0.0,0.0,0.0,0.0,0.0,0.0,0.0,0.0,0.0,contaminated
258,0.0,0.0,0.0,0.0,0.0,0.0,0.0,0.0,0.0,0.0,0.0,0.0,0.0,0.0,0.0,0.0,0.0,0.0,contaminated
259,0.0,0.0,0.0,0.009009009009009,0.005420054200542,0.0032894736842105,0.0,0.0,0.0,0.0,0.0,0.0028011204481792,0.0,0.0,0.0,0.0,0.0,0.0,contaminated
260,0.0061694066942407,0.0050452971937836,0.0050569090963982,0.0039490153905823,0.0043291468453194,0.0044478700001605,0.003430443909682,0.0037599398409625,0.0048151550670003,0.003150747954105,0.005032210060504,0.0057857185682594,0.0038746951272249,0.0038055466684628,0.0046855694090084,0.0043706444119418,0.0044102317376313,0.004137908997955,contaminated
261,0.0,0.0,0.0,0.0,0.0,0.0,0.0,0.0,0.0,0.0,0.0,0.0,0.0,0.0,0.0,0.0,0.0,0.0,contaminated
262,0.0,0.0,0.0,0.0,0.0,0.0,0.0,0.0,0.0,0.0,0.0,0.0,0.0,0.0,0.0,0.0,0.0,0.0,contaminated
263,0.0,0.0,0.0,0.0,0.0,0.0,0.0,0.0,0.0,0.0,0.0,0.0,0.0,0.0,0.0,0.0,0.0084745762711864,0.0053191489361702,contaminated
264,0.0,0.0,0.0,0.0,0.0,0.0,0.0,0.0,0.0,0.0,0.0,0.0,0.0,0.0,0.0,0.0,0.0,0.0,contaminated
265,0.0,0.0,0.0,0.0,0.0,0.0,0.0,0.0,0.0,0.0,0.0,0.0,0.0,0.0,0.0,0.0,0.0,0.0,contaminated
266,0.0,0.0,0.0019646365422396,0.0,0.0,0.0,0.0237068965517241,0.0021321961620469,0.0,0.0,0.0,0.0,0.0,0.0153061224489796,0.0,0.0,0.0,0.0,contaminated
267,0.0047185709470846,0.0077424612876935,0.0031534688156972,0.0019025875190258,0.0057512580877066,0.0064724919093851,0.0087055261165783,0.0020576131687242,0.0013628620102214,0.0022352612461581,0.0023866348448687,0.0071637902963204,0.0063514467184192,0.0065430752453653,0.0065359477124183,0.0073286918285086,0.0013400335008375,0.0049435028248587,contaminated
268,0.0038633241758241,0.0063119927862939,0.0048275862068965,0.0050213873907383,0.0026869682042095,0.0049002138275124,0.0023450888427888,0.0036473055530227,0.0048634812286689,0.0020903010033444,0.00522476340694,0.0043586018289035,0.0025114360032289,0.003701989819528,0.0047270781305743,0.0048313667193161,0.001592356687898,0.0032478932584269,contaminated
269,0.0090791180285343,0.0087591240875912,0.0039577836411609,0.0110294117647059,0.0,0.0012048192771084,0.0,0.0050825921219822,0.0060459492140266,0.001865671641791,0.0,0.002466091245376,0.0,0.0,0.0,0.0011415525114155,0.0,0.0,contaminated
270,0.0116472545757072,0.0081154192966636,0.006092916984006,0.01875,0.0047581284694686,0.0007987220447284,0.0,0.0015760441292356,0.0086682427107959,0.0,0.0045998160073597,0.0,0.0052863436123348,0.0008264462809917,0.0043365134431916,0.0,0.000813669650122,0.0008445945945945,contaminated
271,0.00448685264768,0.0038516766618802,0.0036251972533799,0.0042698417556854,0.0027760829774252,0.0034544106745737,0.0038213877354516,0.0038187146620881,0.0047187255003476,0.0015948414337509,0.0044891512178901,0.0038114989560416,0.0032662779694129,0.0051419073213925,0.0036993712531071,0.0037550155197214,0.0033929809550503,0.0038852620024264,contaminated
272,0.0035324534768361,0.0046274468716712,0.0048338097304739,0.0045093476691005,0.004314256149009,0.0041917004331423,0.0030740127689761,0.004537896094612,0.0038301313841881,0.0021485536713562,0.0037778684308543,0.0036965629212994,0.0032533290806155,0.0036503393046666,0.0036918113143158,0.0041228907991085,0.0037117937281378,0.0034968169999103,contaminated
273,0.0,0.0,0.0,0.0,0.0,0.0,0.0,0.0,0.0,0.0,0.0,0.0,0.0,0.0,0.0,0.0,0.0,0.0,contaminated
274,0.0,0.0480769230769231,0.0091533180778032,0.0176470588235294,0.0072639225181598,0.0431472081218274,0.0,0.0,0.0078328981723237,0.0,0.0062111801242236,0.0,0.0,0.0139664804469274,0.0,0.0,0.0,0.0,contaminated
275,0.0,0.0068493150684931,0.0058309037900874,0.0027777777777777,0.0,0.0024213075060532,0.0,0.0131868131868132,0.0,0.0150537634408602,0.0098684210526315,0.003030303030303,0.0058479532163742,0.0083333333333333,0.0,0.0,0.0,0.0,contaminated
276,0.0,0.0,0.0,0.0,0.0,0.0,0.0,0.0,0.0,0.0,0.0,0.0,0.0,0.0,0.0,0.0,0.0,0.0,contaminated
277,0.0,0.0,0.0,0.0,0.0,0.0,0.0,0.0,0.0,0.0,0.0,0.0,0.0,0.0,0.0,0.0,0.0,0.0,contaminated
278,0.0,0.0,0.0,0.0,0.0,0.0,0.0,0.0,0.0,0.0,0.0,0.0,0.0,0.0,0.0636363636363636,0.0,0.0,0.0,contaminated
279,0.0,0.0,0.0,0.0833333333333333,0.0,0.0,0.0,0.0,0.0,0.0,0.0,0.0,0.0,0.0,0.0,0.0104166666666667,0.0,0.0,contaminated
280,0.0,0.0,0.0,0.0,0.0,0.0,0.0,0.0,0.0,0.0,0.0,0.0,0.0,0.0,0.0,0.0,0.0,0.0,contaminated
281,0.0,0.0,0.0070422535211267,0.0,0.0,0.0,0.0,0.0,0.0076335877862595,0.0,0.03125,0.0238095238095238,0.0082644628099173,0.0,0.0,0.0,0.0,0.0062111801242236,contaminated
282,0.0027559597629874,0.0053228962818003,0.0047605097407353,0.0049410029498525,0.0031290544150194,0.0046623552413896,0.0051223241590214,0.0034044484793463,0.0046230706136753,0.0033585222502099,0.0051028806584362,0.005479847141106,0.0031233732431025,0.0038949910415206,0.0059094397544128,0.0039218701937865,0.00533570475767,0.0043807543807543,contaminated
283,0.0,0.0,0.0,0.0,0.0,0.0,0.0,0.0,0.0,0.0,0.0,0.0,0.0,0.0,0.0,0.0,0.0136986301369863,0.0,contaminated
284,0.0041122399612965,0.005339716442644,0.0033843810813097,0.0048663953282604,0.0056517448640889,0.0051610606869549,0.0047838412473423,0.0047120418848167,0.0041567170779163,0.003572242912518,0.0056611403154063,0.0046855733662145,0.0045972946689063,0.00358712223119,0.0038411174159755,0.0053345388788426,0.004068486184099,0.0033522434244455,contaminated
285,0.0,0.0,0.0,0.166666666666667,0.0,0.0,0.0,0.0,0.0,0.0869565217391304,0.0,0.0,0.0,0.0,0.0384615384615385,0.0,0.0,0.0,contaminated
286,0.0,0.0,0.0357142857142857,0.0,0.0,0.0,0.0,0.0,0.0,0.0,0.0,0.0,0.0,0.0,0.0,0.0,0.0,0.0,contaminated
287,0.0,0.0,0.0609756097560976,0.0135135135135135,0.0108695652173913,0.0,0.0,0.0,0.0531914893617021,0.0365853658536585,0.0,0.0,0.0,0.0,0.0337078651685393,0.0,0.0,0.0,contaminated
288,0.0,0.0,0.0,0.0,0.2,0.0,0.0,0.0,0.0,0.0,0.0,0.0,0.0,0.0,0.0,0.0,0.0,0.0,contaminated
289,0.0275689223057644,0.0197044334975369,0.0122249388753056,0.0045662100456621,0.016304347826087,0.0112107623318386,0.0022471910112359,0.026378896882494,0.0024330900243309,0.0165094339622642,0.0082644628099173,0.0,0.0153061224489796,0.0025125628140703,0.0084566596194503,0.0,0.0102827763496144,0.0043478260869565,contaminated
290,0.0,0.0,0.0,0.0,0.0,0.0,0.0,0.0,0.0,0.0,0.0,0.0,0.0,0.0,0.0,0.0,0.0,0.0,contaminated
291,0.0,0.0833333333333333,0.0,0.0,0.0,0.0,0.0,0.0,0.0,0.0,0.0,0.0,0.0,0.0,0.0,0.0,0.0,0.0,contaminated
292,0.0,0.0,0.0,0.0,0.0,0.0,0.0,0.0,0.0,0.0,0.0,0.1,0.0,0.0,0.0,0.0,0.0,0.0,contaminated
293,0.0,0.0,0.0036496350364963,0.0,0.0037593984962406,0.0078431372549019,0.0,0.0191570881226054,0.03886925795053,0.0085714285714285,0.0,0.0072463768115942,0.0,0.0,0.0034364261168384,0.0118577075098814,0.0,0.0035087719298245,contaminated
294,0.0,0.0,0.0,0.0,0.0,0.0,0.0227272727272727,0.0303030303030303,0.0,0.0,0.0,0.0,0.0,0.0,0.0,0.0,0.0,0.0,contaminated
295,0.0501562840735625,0.0073541296266365,0.0047981355816025,0.004819981012196,0.0045445155959512,0.0053992800959872,0.0040565012676566,0.0038207711010767,0.0049179238386389,0.0452184751748494,0.007107801658487,0.0054111125775372,0.0058693006942953,0.0046312296951683,0.0046809071729957,0.0055979643765903,0.0041598472449536,0.0050870671101545,ancient
296,0.0,0.0,0.0,0.0,0.0091743119266055,0.0,0.0062893081761006,0.0,0.0,0.0067114093959731,0.0,0.0058479532163742,0.0079365079365079,0.0111111111111111,0.0152671755725191,0.008130081300813,0.0,0.0132450331125828,contaminated
297,0.130434782608696,0.0,0.0,0.0,0.0,0.0,0.0,0.0,0.0,0.08,0.0,0.0,0.0,0.0,0.0,0.0,0.0,0.0,contaminated
298,0.0,0.0606060606060606,0.0526315789473684,0.0,0.0,0.0,0.0,0.0,0.05,0.0540540540540541,0.0344827586206897,0.0,0.0,0.0,0.0,0.0,0.0,0.0645161290322581,contaminated
299,0.0100806451612903,0.0026315789473684,0.0112359550561798,0.0022471910112359,0.0,0.0061855670103092,0.0145631067961165,0.0359550561797753,0.009685230024213,0.0163934426229508,0.014367816091954,0.0057692307692307,0.0044843049327354,0.0,0.0024213075060532,0.0132743362831858,0.0025510204081632,0.00418410041841,contaminated
300,0.0119047619047619,0.0217391304347826,0.0,0.0098039215686274,0.0,0.0,0.0,0.0,0.0096153846153846,0.0,0.0,0.0537634408602151,0.0465116279069767,0.019047619047619,0.0202020202020202,0.0,0.0,0.0,contaminated
301,0.0438483618727111,0.0141353693768056,0.0122557726465364,0.0116828680995273,0.0077749628723683,0.0104570753921403,0.0092466684797389,0.0096835552481411,0.0103596395182346,0.0354965937612047,0.0178237429860271,0.0150142376391406,0.011413678439831,0.0090121620439233,0.0110019316368523,0.0092493774457488,0.0127504553734062,0.012431949297148,ancient
302,0.0,0.0,0.0,0.0,0.0,0.0,0.0,0.0,0.0,0.0,0.0,0.0,0.0,0.0,0.0,0.0,0.0,0.0,contaminated
303,0.0,0.0,0.0,0.0,0.0,0.0,0.0,0.0,0.0,0.0,0.0,0.0,0.0,0.0,0.0,0.0,0.0,0.0,contaminated
304,0.0492307692307692,0.0105263157894737,0.0,0.0,0.0,0.0,0.0086705202312138,0.0027472527472527,0.0024752475247524,0.0329113924050633,0.0083333333333333,0.0099009900990099,0.0,0.0025839793281653,0.0049751243781094,0.0027624309392265,0.0073710073710073,0.0,ancient
305,0.0,0.0,0.0,0.0,0.0,0.0,0.0,0.0,0.0,0.0,0.0,0.0,0.0,0.0,0.0,0.0,0.0,0.037037037037037,contaminated
306,0.0116279069767442,0.0,0.008130081300813,0.0096153846153846,0.0,0.0,0.0,0.0,0.0,0.0,0.0,0.0,0.0,0.0,0.0,0.0280373831775701,0.0079365079365079,0.0,contaminated
307,0.0,0.0,0.0,0.0,0.0,0.0,0.0,0.0,0.0,0.0,0.0666666666666667,0.0,0.0,0.0,0.0,0.0,0.0,0.0,contaminated
308,0.0110132158590308,0.0121065375302663,0.0049019607843137,0.0083333333333333,0.0047961630695443,0.0051546391752577,0.012853470437018,0.0049627791563275,0.0103092783505155,0.0022321428571428,0.0054495912806539,0.0052356020942408,0.0080213903743315,0.0026041666666666,0.0115942028985507,0.0104712041884817,0.0094117647058823,0.0025125628140703,contaminated
309,0.00496451829571,0.0044629485413047,0.0050535161684126,0.0041418781534754,0.005025771126704,0.005296407376683,0.0051154657034991,0.0043257445888139,0.005212637467421,0.0045437334343051,0.0052763657422302,0.005174069455791,0.0050596948221924,0.005357025120327,0.0050965402332647,0.0055198563830679,0.0049224512193153,0.0052847630745361,contaminated
310,0.0,0.0,0.0,0.0,0.0,0.0,0.0,0.0,0.0151515151515152,0.0,0.0,0.0,0.0,0.0,0.0,0.0,0.0,0.0526315789473684,contaminated
311,0.0769230769230769,0.0,0.0,0.0,0.0,0.0,0.0,0.0,0.0,0.0,0.0,0.0,0.0,0.0,0.0,0.0,0.0,0.0,contaminated
312,0.0,0.0,0.0,0.0,0.0,0.0,0.0,0.0384615384615385,0.0,0.0,0.0,0.0,0.0,0.0,0.0,0.0,0.0588235294117647,0.0,contaminated
313,0.0037309769268532,0.0053349785875009,0.0053427419354838,0.0048192771084337,0.0052508337472504,0.0047353467326107,0.0049852223765267,0.0050274384846875,0.0049845962130914,0.0037399659450255,0.006101328390485,0.0061366061899679,0.0055628388194026,0.005405600201809,0.0041890665363401,0.004273655211387,0.0048085299139342,0.0059945504087193,contaminated
314,0.0,0.0,0.0,0.0,0.0,0.0,0.0,0.0,0.0,0.0232558139534884,0.0,0.0,0.024390243902439,0.0,0.0,0.0,0.0,0.0,contaminated
315,0.0,0.0105263157894737,0.0298507462686567,0.0,0.0263157894736842,0.0087719298245614,0.0,0.0116279069767442,0.0,0.0085470085470085,0.0,0.0,0.0094339622641509,0.0,0.0,0.0176991150442478,0.0,0.0,contaminated
316,0.0,0.0,0.0,0.0,0.0,0.0256410256410256,0.0,0.0,0.024390243902439,0.0,0.0,0.0,0.0,0.0,0.0,0.0,0.0,0.0,contaminated
317,0.0043046416765918,0.0048166819580895,0.0046122124149905,0.0044125915528386,0.0045651193638168,0.0046402953737674,0.0046041379086493,0.0043919845044916,0.0044273653172515,0.0038837160174848,0.0055774983987984,0.0050182577165796,0.0049469628502116,0.0045573257084357,0.0049431257890472,0.0048495865110911,0.0044659037896142,0.0046535647859496,contaminated
318,0.0657894736842105,0.0,0.0136986301369863,0.0,0.0123456790123457,0.0444444444444444,0.0232558139534884,0.0,0.0,0.0,0.0,0.0,0.0,0.0,0.0,0.0,0.0,0.0306122448979592,contaminated
319,0.0,0.0,0.0,0.0,0.0,0.0476190476190476,0.0,0.0,0.0,0.142857142857143,0.0,0.0,0.0666666666666667,0.0,0.0,0.0,0.0,0.0,contaminated
320,0.0,0.0,0.0,0.0,0.0,0.0,0.0,0.0,0.0,0.0,0.0,0.0,0.0,0.0,0.0,0.0,0.0,0.0,contaminated
321,0.089143865842895,0.0089635854341736,0.0097433460076045,0.0077942322681215,0.0049566294919454,0.00792697573865,0.0083435582822085,0.0072063415805909,0.0050551470588235,0.0733695652173913,0.0114586559306287,0.0067681895093062,0.006087877183695,0.0061064973131411,0.0104142559592687,0.0069893864871861,0.0042512990080302,0.0090261282660332,ancient
322,0.0740740740740741,0.0,0.0,0.0,0.102564102564103,0.0,0.0,0.0,0.0,0.0,0.0,0.0,0.0,0.0,0.0,0.0,0.0,0.0,contaminated
323,0.0,0.0,0.04,0.0344827586206897,0.0,0.0,0.0,0.0,0.0,0.0217391304347826,0.0,0.0,0.0,0.0,0.0,0.024390243902439,0.0,0.0,contaminated
324,0.0,0.0,0.0,0.0,0.0,0.0,0.0,0.0,0.0,0.046875,0.0,0.0,0.0,0.0,0.0,0.0,0.0,0.0,contaminated
325,0.0476190476190476,0.0,0.0,0.0,0.0,0.0,0.0,0.0,0.0,0.0,0.0,0.0,0.0,0.0,0.0,0.0,0.0,0.024390243902439,contaminated
326,0.0,0.0,0.0,0.0,0.0461538461538462,0.0,0.0,0.0246913580246914,0.0161290322580645,0.0816326530612245,0.0,0.037037037037037,0.0,0.0,0.0,0.0,0.0,0.0,contaminated
327,0.0116279069767442,0.0,0.0131578947368421,0.0168067226890756,0.0,0.0,0.0,0.0315789473684211,0.0,0.0480769230769231,0.0,0.0104166666666667,0.021505376344086,0.0434782608695652,0.0,0.0,0.0,0.0151515151515152,contaminated
328,0.105997210599721,0.0015948963317384,0.0040927694406548,0.0,0.0063775510204081,0.0012690355329949,0.0111888111888112,0.0,0.0026281208935611,0.0700389105058366,0.0047244094488189,0.0,0.0043165467625899,0.0013351134846461,0.0050955414012738,0.0052219321148825,0.0012345679012345,0.0025575447570332,ancient
329,0.005736137667304,0.0028510334996436,0.0013218770654329,0.0027063599458728,0.0006720430107526,0.0056140350877193,0.0050761421319797,0.0019907100199071,0.0082248115147361,0.0040697674418604,0.0028653295128939,0.0053120849933598,0.0043668122270742,0.0033377837116154,0.0066577896138482,0.0050468637346791,0.0033512064343163,0.0021306818181818,contaminated
330,0.0,0.0185185185185185,0.0,0.0,0.0,0.0099009900990099,0.0,0.0365853658536585,0.0,0.0,0.0,0.0581395348837209,0.0,0.0135135135135135,0.0,0.0126582278481013,0.0,0.0,contaminated
331,0.0980392156862745,0.0,0.0,0.0133333333333333,0.0,0.0,0.0,0.0327868852459016,0.0,0.0,0.0317460317460317,0.0,0.0,0.0,0.0,0.0,0.0,0.0,contaminated
332,0.0,0.0,0.0357142857142857,0.0,0.0,0.0,0.0,0.0,0.0,0.025,0.032258064516129,0.0263157894736842,0.0,0.0,0.0,0.0,0.0,0.0,contaminated
333,0.0046480743691899,0.0061855670103092,0.0013351134846461,0.0054644808743169,0.0021141649048625,0.0020847810979847,0.0041522491349481,0.0040871934604904,0.009784735812133,0.0029239766081871,0.0021897810218978,0.0025380710659898,0.0095759233926128,0.0056899004267425,0.0060975609756097,0.0027835768963117,0.0045931758530183,0.0117565698478562,contaminated
334,0.0,0.0,0.142857142857143,0.0,0.0,0.0,0.0,0.0,0.0,0.0,0.0,0.0,0.075,0.0,0.0,0.0,0.0,0.03125,contaminated
335,0.0357142857142857,0.0196078431372549,0.0138888888888889,0.0,0.0338983050847458,0.0178571428571429,0.0645161290322581,0.0,0.0,0.0,0.0,0.0,0.0,0.0,0.0,0.0,0.0,0.0,contaminated
336,0.0,0.0,0.0,0.0,0.0,0.0,0.0,0.0,0.0,0.0,0.0,0.0,0.0,0.0,0.0,0.0,0.0,0.0,contaminated
337,0.0,0.0,0.0,0.0,0.0789473684210526,0.0,0.0,0.0425531914893617,0.0,0.115384615384615,0.0,0.0,0.0,0.0,0.0769230769230769,0.0,0.0,0.0,contaminated
338,0.0,0.0,0.0,0.0434782608695652,0.0,0.0,0.0,0.0,0.0,0.0,0.0,0.0,0.0,0.0,0.0,0.2,0.0,0.0,contaminated
339,0.0416666666666667,0.0,0.0,0.0,0.0,0.0,0.0,0.0,0.0,0.0,0.0,0.0,0.0,0.0,0.0,0.0,0.0,0.0,contaminated
340,0.0,0.0,0.0,0.0,0.0,0.0,0.0,0.0,0.0,0.0,0.0,0.0,0.0526315789473684,0.0,0.0,0.0,0.0,0.0,contaminated
341,0.0,0.0,0.0,0.0,0.0,0.0,0.0,0.0,0.0,0.0,0.0,0.0,0.0,0.0,0.0,0.0,0.0,0.0,contaminated
342,0.0,0.0,0.0097087378640776,0.0091743119266055,0.0,0.0,0.0521739130434783,0.0285714285714286,0.0217391304347826,0.025,0.0,0.0,0.018018018018018,0.0,0.0263157894736842,0.0,0.0,0.0,contaminated
343,0.0,0.0,0.0,0.0,0.0,0.0,0.0,0.0,0.0294117647058824,0.0,0.0232558139534884,0.0,0.0,0.0,0.0,0.0,0.0,0.0,contaminated
344,0.0,0.0,0.0,0.0,0.0,0.0,0.0,0.0,0.0,0.0,0.0,0.0,0.0,0.0,0.0,0.0,0.0,0.0,contaminated
345,0.0,0.0,0.0,0.0,0.0,0.0,0.0,0.0,0.0,0.0,0.0,0.4,0.0,0.0,0.0,0.0,0.0,0.0,contaminated
346,0.0196078431372549,0.0,0.0204081632653061,0.0454545454545455,0.1,0.0444444444444444,0.0,0.0,0.0545454545454545,0.0,0.0416666666666667,0.0192307692307692,0.0,0.0,0.140350877192982,0.0465116279069767,0.0,0.0,contaminated
347,0.025,0.0,0.0,0.0,0.0,0.0,0.0277777777777778,0.0545454545454545,0.0,0.0930232558139535,0.0416666666666667,0.0,0.0,0.0,0.0,0.0,0.0181818181818182,0.0,contaminated
348,0.0363636363636364,0.0,0.0,0.0384615384615385,0.0,0.0140845070422535,0.0,0.0,0.0,0.0188679245283019,0.0,0.0,0.0,0.0,0.0,0.0,0.0,0.0,contaminated
349,0.0,0.0,0.0,0.0,0.0,0.0,0.0,0.0,0.0,0.0,0.0,0.0,0.0,0.0,0.0,0.0,0.0,0.0,contaminated
350,0.0805951642901426,0.0123497997329773,0.0099328074788197,0.009103448275862,0.0084284937466014,0.008731241473397,0.0079714128642111,0.0045442395081529,0.0046195652173913,0.0711509715994021,0.0159613956941351,0.0124740124740125,0.0057022809123649,0.0070482097547223,0.011123787792356,0.0051679586563307,0.005804311774461,0.007178354500276,ancient
351,0.0,0.0,0.0,0.0,0.0,0.0,0.0,0.0,0.111111111111111,0.0,0.0,0.0,0.0,0.0,0.0,0.0,0.0,0.0,contaminated
352,0.0416666666666667,0.0,0.0,0.0,0.0,0.0,0.0,0.0,0.0,0.0166666666666667,0.0,0.0,0.0,0.0,0.0,0.0227272727272727,0.0,0.0,contaminated
353,0.0,0.0,0.0204081632653061,0.0,0.0,0.032258064516129,0.0,0.0222222222222222,0.0,0.0222222222222222,0.0277777777777778,0.0,0.0204081632653061,0.0,0.0,0.0,0.0,0.0,contaminated
354,0.0,0.0,0.0,0.0,0.0,0.111111111111111,0.0,0.0,0.0,0.0,0.0,0.0,0.0,0.0,0.0,0.0,0.0,0.0,contaminated
355,0.0476190476190476,0.0,0.0333333333333333,0.0,0.0,0.0,0.0,0.0,0.0,0.0,0.0,0.1,0.0,0.0,0.0,0.0,0.0,0.0344827586206897,contaminated
356,0.0070126227208976,0.0097402597402597,0.0041782729805013,0.0071022727272727,0.0078616352201257,0.0124653739612188,0.002820874471086,0.0082872928176795,0.0057471264367816,0.008,0.0033500837520938,0.0012870012870012,0.0,0.0050420168067226,0.0096818810511756,0.001577287066246,0.0042553191489361,0.002710027100271,contaminated
357,0.0,0.0,0.0422535211267606,0.0,0.0,0.0363636363636364,0.0,0.0,0.0,0.0,0.0,0.0,0.0,0.0,0.0,0.0,0.0172413793103448,0.0,contaminated
358,0.0063694267515923,0.0,0.0059880239520958,0.0,0.0111111111111111,0.0073529411764705,0.0114285714285714,0.0,0.0053763440860215,0.0,0.0191082802547771,0.0056818181818181,0.0193548387096774,0.0066666666666666,0.0,0.0068493150684931,0.0164835164835165,0.0059171597633136,contaminated
359,0.0735888089843365,0.0073654390934844,0.007959067652075,0.0049360951961216,0.0065521515849123,0.0062682087048644,0.0062979189485213,0.0050147756783379,0.0059081550443111,0.061988971287317,0.0094191522762951,0.0089137035948672,0.0066902418044537,0.0059374710084423,0.0059671348572477,0.0063658490919303,0.0051029543419874,0.0078132016165244,ancient
360,0.0,0.0,0.0,0.0,0.0,0.0,0.0,0.0,0.0,0.0,0.0,0.0,0.0,0.0,0.0,0.0,0.105263157894737,0.0,contaminated
361,0.0,0.0,0.0,0.0,0.0,0.0,0.0,0.0,0.0,0.0,0.0,0.0,0.0,0.0,0.0,0.0,0.1,0.0,contaminated
362,0.0070467648942985,0.0014134275618374,0.0020366598778004,0.0022271714922049,0.0,0.0063202247191011,0.0013976240391334,0.0036443148688046,0.0037267080745341,0.0011614401858304,0.0007309941520467,0.0013192612137203,0.0006954102920723,0.0014174344436569,0.0042613636363636,0.0023492560689115,0.0,0.0026791694574681,contaminated
363,0.0030372057706909,0.0057803468208092,0.0016299918500407,0.0023547880690737,0.0097481722177091,0.0097640358014646,0.0023547880690737,0.0039032006245121,0.0028880866425992,0.0062981105668299,0.0062949640287769,0.0069071373752878,0.007383100902379,0.0049220672682526,0.0039494470774091,0.0008110300081103,0.0048270313757039,0.0021865889212828,contaminated
364,0.0,0.0,0.0,0.0,0.0,0.0,0.0,0.0,0.0,0.0,0.0,0.0,0.0,0.0,0.0,0.0,0.0,0.0,contaminated
365,0.0,0.0,0.0,0.0,0.0,0.0,0.0,0.0,0.0,0.0,0.0,0.0,0.0,0.0,0.0,0.0,0.0,0.0,contaminated
366,0.0125,0.0055555555555555,0.0,0.0,0.0,0.0,0.0,0.0,0.0,0.0,0.0111111111111111,0.0,0.0056497175141242,0.0,0.0,0.0,0.006060606060606,0.0054945054945054,contaminated
367,0.0,0.0,0.0,0.0,0.0,0.0,0.0,0.0,0.0,0.0,0.0,0.0,0.0,0.0,0.0,0.0,0.0,0.0,contaminated
368,0.0,0.0,0.0,0.0,0.0,0.0,0.0,0.0,0.0,0.0,0.0,0.0,0.0,0.0,0.0,0.0,0.0,0.0,contaminated
369,0.021875,0.0029027576197387,0.0058055152394775,0.0030534351145038,0.0044444444444444,0.0,0.0065466448445171,0.0015037593984962,0.0058224163027656,0.0446043165467626,0.0067796610169491,0.004225352112676,0.0045385779122541,0.0014084507042253,0.0108695652173913,0.0015948963317384,0.0121765601217656,0.0059435364041604,ancient
370,0.0019769357495881,0.0080428954423592,0.0039973351099267,0.0053078556263269,0.0039525691699604,0.0068173663437387,0.0036859565057132,0.0021857923497267,0.0020277120648867,0.005058488776478,0.0032867707477403,0.0060687795010114,0.0025669233590025,0.0032882718304713,0.003698224852071,0.0029520295202952,0.0046428571428571,0.0060831361946603,contaminated
371,0.0054368932038835,0.0041520979020979,0.0033392260852484,0.0027932960893854,0.0027548209366391,0.0033542976939203,0.0046818472015322,0.0035233160621761,0.005524861878453,0.0028124450694322,0.0058466381830447,0.004846839860411,0.0049558284852402,0.0042256496936404,0.0044221105527638,0.0048167539267015,0.0063772886237399,0.0043833432954771,contaminated
372,0.0071237756010685,0.0032786885245901,0.0057526366251198,0.0021119324181626,0.0072463768115942,0.0063626723223754,0.0030395136778115,0.0077896786757546,0.0093720712277413,0.0060034305317324,0.013437849944009,0.0071065989847715,0.0073684210526315,0.0034802784222737,0.0038948393378773,0.0039525691699604,0.0056390977443609,0.0030518819938962,contaminated
373,0.0059064061790095,0.0065392354124748,0.0051960321209258,0.0071123755334281,0.0040650406504065,0.008304836345872,0.0052356020942408,0.004390243902439,0.0081770081770081,0.0044088176352705,0.0076452599388379,0.0068243858052775,0.0039900249376558,0.010443864229765,0.0072604065827686,0.0098960910440376,0.0077307867212369,0.0063756743501716,contaminated
374,0.0038517091959557,0.0032723387204487,0.0049242424242424,0.0035028460624257,0.0036208867996442,0.0037443675826616,0.0039603960396039,0.0048604974119429,0.0036204744069912,0.0030827868393027,0.0032944209697056,0.004455838369041,0.0035867546275539,0.004233700254022,0.0029208874526132,0.0038221429481462,0.0024145616641901,0.0041704442429737,contaminated
375,0.0034059116895754,0.0039791437980241,0.0035137034434293,0.0030688574899303,0.0037725858759679,0.0040905023648216,0.0045009784735812,0.003628352986912,0.0054959265485581,0.002465814839722,0.0045232878648667,0.0036598225916506,0.0035078602052747,0.0032832096657692,0.0033222591362126,0.0028884658307621,0.0049785732291404,0.0037624128785542,contaminated
376,0.0,0.0,0.0,0.0,0.0,0.0,0.0,0.0,0.0,0.0,0.0,0.037037037037037,0.0,0.0,0.0,0.0,0.0,0.0,contaminated
377,0.0074074074074074,0.0147058823529412,0.0,0.0,0.0,0.0,0.0113636363636364,0.0125786163522013,0.0144927536231884,0.0104712041884817,0.0,0.0218978102189781,0.0576923076923077,0.0068965517241379,0.0062893081761006,0.0138888888888889,0.0,0.0150375939849624,contaminated
378,0.0153256704980843,0.007380073800738,0.0036630036630036,0.0150943396226415,0.0,0.0034965034965035,0.0039215686274509,0.003584229390681,0.0136986301369863,0.0065573770491803,0.0,0.0,0.0043859649122807,0.0036630036630036,0.0034482758620689,0.0037037037037037,0.0032894736842105,0.0062893081761006,contaminated
379,0.0,0.0,0.0,0.0,0.0,0.0,0.0,0.0,0.0,0.0,0.0,0.0,0.0,0.0,0.0,0.0,0.0,0.0,contaminated
380,0.0,0.0,0.0,0.0,0.0,0.0,0.0,0.0,0.0,0.0,0.0,0.0,0.0,0.0,0.0,0.0,0.0,0.0,contaminated
381,0.0,0.0,0.0,0.015625,0.0138888888888889,0.0,0.0,0.0,0.0,0.0,0.0,0.0,0.0,0.0303030303030303,0.0,0.0,0.0,0.0,contaminated
382,0.0,0.0677966101694915,0.0158730158730159,0.0,0.0,0.0,0.0,0.0,0.0,0.0,0.0,0.0,0.0,0.0,0.0,0.0,0.0689655172413793,0.0,contaminated
383,0.0,0.0,0.0,0.0,0.0,0.0,0.0,0.0,0.0,0.0,0.0,0.0,0.0,0.0,0.012987012987013,0.0,0.0,0.0,contaminated
384,0.0059880239520958,0.0,0.0,0.0,0.0,0.0,0.0,0.0,0.0236686390532544,0.0,0.0,0.0,0.0,0.0,0.0,0.0196078431372549,0.0129032258064516,0.0,contaminated
385,0.0032995790192285,0.0049382716049382,0.0054499366286438,0.0018379939608769,0.0010377480866519,0.0013720843208182,0.0020741508944775,0.0016372795969773,0.0020263424518743,0.0016559947008169,0.0014686248331108,0.0012696800406297,0.001560671088568,0.0038380586851553,0.0025367833587011,0.0023364485981308,0.0023294939821405,0.000640943468786,contaminated
386,0.0041152263374485,0.0163934426229508,0.0,0.0,0.0,0.0,0.0,0.0,0.0,0.0,0.0038910505836575,0.0116279069767442,0.0,0.0,0.0,0.003875968992248,0.0,0.0,contaminated
387,0.0051030313115345,0.0056466446060012,0.0053367960424854,0.0047181434721477,0.0048917523536812,0.0052910430454715,0.0050751811264426,0.0044775755634398,0.0047991890663777,0.0043483415739266,0.0046295307080333,0.0045718468969576,0.0042033854871086,0.0042039693291805,0.0044606437472208,0.0044512494049606,0.0047022223173607,0.0044236108911622,contaminated
388,0.0,0.0,0.0,0.0,0.0,0.0,0.0,0.0,0.0,0.0,0.0,0.0,0.0,0.0,0.0,0.0,0.0,0.0,contaminated
389,0.0,0.0,0.0,0.0,0.0,0.0,0.0,0.0,0.0,0.0,0.0,0.0,0.0,0.0,0.0,0.0,0.0,0.0,contaminated
390,0.0118343195266272,0.0335570469798658,0.0465116279069767,0.0,0.0518518518518519,0.0,0.0,0.024390243902439,0.0,0.0,0.0229885057471264,0.0845771144278607,0.0,0.0,0.0053475935828877,0.0067567567567567,0.0103092783505155,0.0,contaminated
391,0.0,0.0,0.0,0.0,0.0,0.0,0.0,0.0,0.0,0.0,0.0,0.0,0.0,0.0,0.0,0.0,0.0,0.0,contaminated
392,0.0,0.0138248847926267,0.0,0.0462962962962963,0.0,0.0048780487804878,0.0,0.0,0.0,0.0280701754385965,0.0,0.0,0.0,0.0,0.0,0.0309734513274336,0.015625,0.0047619047619047,contaminated
393,0.0,0.0,0.0,0.0,0.0,0.0,0.0,0.0,0.0,0.0,0.0,0.0,0.0,0.0,0.0,0.0,0.0,0.0,contaminated
394,0.0,0.0,0.0,0.0,0.0,0.0,0.0,0.0,0.0,0.0,0.0,0.0,0.0,0.0,0.0,0.0,0.0,0.0,contaminated
395,0.0,0.0,0.0,0.0,0.0,0.0,0.0,0.0,0.0,0.0,0.0,0.0,0.0,0.0,0.0,0.0,0.0,0.0,contaminated
396,0.0,0.0089686098654708,0.0,0.0093240093240093,0.0,0.0,0.0107991360691145,0.0081466395112016,0.0,0.0048,0.0,0.0,0.0,0.0,0.0,0.0,0.0042735042735042,0.002092050209205,contaminated
397,0.0,0.0,0.0,0.0,0.0,0.0,0.0,0.0,0.0,0.0,0.0,0.0,0.0,0.0,0.0,0.0,0.0,0.0,contaminated
398,0.114478114478114,0.0057979859627708,0.0032756200280767,0.0087939698492462,0.0064844835572024,0.0040881217351805,0.0060650169820475,0.0039197602029052,0.0052151238591916,0.0930533955417315,0.0017875383043922,0.0035294117647058,0.002466091245376,0.0014005602240896,0.0055199823360565,0.0014021967749474,0.0073349633251833,0.0076519457804984,ancient
399,0.0625,0.0210526315789474,0.0,0.0,0.0,0.0,0.0,0.037037037037037,0.0,0.0211640211640212,0.0,0.0102564102564103,0.0,0.0228310502283105,0.0390625,0.0388888888888889,0.0,0.0,contaminated
400,0.0,0.0,0.157894736842105,0.0,0.0,0.0,0.0,0.0,0.0,0.0,0.0,0.0,0.0,0.0,0.0,0.0,0.0,0.0,contaminated
401,0.230769230769231,0.0,0.0,0.0,0.0,0.0,0.0,0.0,0.0,0.0,0.0,0.0,0.0,0.0,0.0,0.0,0.0,0.0,contaminated
402,0.0827464788732394,0.0058479532163742,0.0014326647564469,0.0,0.0014064697609001,0.0014005602240896,0.0,0.0210843373493976,0.0208955223880597,0.0729613733905579,0.0,0.0079365079365079,0.0,0.023778071334214,0.0029895366218236,0.0,0.0,0.0,ancient
403,0.0,0.0,0.0,0.0,0.0,0.0,0.0,0.0,0.0,0.0,0.0,0.0,0.0,0.0,0.0,0.0,0.0,0.0,contaminated
404,0.0768078733418913,0.0079199666527719,0.0086607858861267,0.0071404284257055,0.0093396690152384,0.0060653188180404,0.0083288068078942,0.0098653304102724,0.0110218863171154,0.0542320356381948,0.0217546362339515,0.0105212042732276,0.0066655272602973,0.0072766682148939,0.0103486705938545,0.0109103307193999,0.0122885413341845,0.0068745003996802,ancient
405,0.0,0.0,0.0,0.0,0.0,0.0,0.0,0.0,0.0,0.0,0.0,0.0,0.0,0.0,0.0,0.0,0.0,0.0,contaminated
406,0.0,0.0,0.0,0.0,0.0,0.0,0.0,0.0,0.0,0.0909090909090909,0.0,0.0,0.0,0.0,0.0,0.0,0.0,0.0,contaminated
407,0.0857142857142857,0.0,0.175438596491228,0.0,0.0,0.0,0.0,0.0,0.0,0.0571428571428571,0.0,0.0,0.0,0.0735294117647059,0.0,0.0,0.0561797752808989,0.0333333333333333,contaminated
408,0.0,0.0,0.0,0.0,0.16,0.0,0.0,0.0,0.0,0.0,0.0,0.0,0.0,0.0,0.0,0.0,0.0,0.0714285714285714,contaminated
409,0.0,0.0,0.0,0.0,0.0,0.0,0.0,0.0,0.0,0.0,0.0,0.0,0.0,0.0,0.0,0.0,0.0,0.0,contaminated
410,0.0,0.0,0.0,0.0,0.0,0.0,0.0,0.0,0.0,0.0,0.0,0.0,0.0,0.0,0.0,0.0,0.0,0.0,contaminated
411,0.0,0.0,0.0,0.0,0.0,0.0,0.0,0.0,0.0,0.0,0.0,0.0,0.0,0.0,0.0,0.0,0.0,0.0,contaminated
412,0.0048744354629922,0.0078770816472559,0.0063735602327501,0.0059517599969252,0.0057155032558556,0.0057036758583619,0.0049553836576098,0.0051384734150342,0.0056680036012559,0.0051095536018843,0.0075039360268216,0.0059875620015113,0.0058884525752403,0.0055034194039679,0.0060237313629672,0.0054693255967258,0.0053273246547875,0.0053194195657093,contaminated
413,0.0,0.0,0.0,0.0,0.0,0.0645161290322581,0.0,0.0,0.0,0.0,0.0,0.0,0.0,0.0306122448979592,0.0,0.0,0.0,0.0,contaminated
414,0.0,0.0,0.0,0.0,0.0,0.0,0.0,0.0,0.0,0.0,0.0,0.0,0.0,0.0,0.0,0.0,0.0,0.0,contaminated
415,0.0,0.0,0.0,0.0,0.0,0.0,0.0,0.0,0.0,0.0,0.0,0.0,0.0,0.0,0.0,0.0,0.0,0.0,contaminated
416,0.0051948051948051,0.0080012369061884,0.006582227984442,0.0063936347813732,0.0050757766658267,0.0043967280163599,0.0042028579434015,0.0042881938535888,0.0051306126555112,0.0045954519849387,0.006238768521344,0.0048713815097778,0.0055212395182718,0.005534800055348,0.0074345690641189,0.0051907249940238,0.0068387229801711,0.0070509607351712,contaminated
417,0.0,0.0,0.0,0.0493827160493827,0.0467289719626168,0.0,0.0,0.0126582278481013,0.0,0.0,0.0,0.0674157303370786,0.0490196078431373,0.0,0.0,0.0,0.0,0.0,contaminated
418,0.0354609929078014,0.0,0.0,0.0,0.142857142857143,0.0,0.0060240963855421,0.0,0.0,0.0,0.0,0.0,0.0,0.0,0.0,0.0,0.0,0.019047619047619,contaminated
419,0.0,0.7,0.0,0.0740740740740741,0.0,0.0,0.0,0.0,0.0,0.0,0.0,0.157894736842105,0.0,0.0,0.0,0.0,0.0,0.0,contaminated
420,0.0044770685656626,0.0057825146031031,0.0047614179737139,0.0046936799129952,0.0045168910043242,0.0045511708909167,0.0045436425913895,0.0041968586349997,0.0044052473554134,0.0044961621459204,0.0048287914135457,0.0043433439681667,0.0044367879753693,0.0043024395660607,0.0042631290245754,0.0041557450666912,0.0043013757553092,0.0044205674513825,contaminated
421,0.0,0.0,0.0,0.0,0.0,0.0,0.0,0.0,0.0,0.194444444444444,0.0,0.0,0.0,0.0,0.0,0.0,0.0,0.0,contaminated
422,0.0,0.0,0.0,0.0,0.0,0.0,0.0,0.0,0.0,0.0,0.0,0.0,0.0,0.0,0.0,0.0,0.0,0.0,contaminated
423,0.0,0.0,0.0,0.0,0.0,0.0,0.0,0.181818181818182,0.0,0.0,0.0,0.0,0.0,0.0,0.0,0.0,0.0,0.0,contaminated
424,0.0,0.0,0.0540540540540541,0.0491803278688525,0.0,0.0595238095238095,0.0175438596491228,0.0,0.0,0.0,0.0,0.0,0.0,0.0,0.0,0.0,0.0,0.0,contaminated
425,0.0,0.0,0.0,0.0,0.0,0.0,0.0,0.0,0.0,0.0,0.0,0.0,0.0,0.0,0.0,0.0,0.0,0.0,contaminated
426,0.0,0.0,0.0,0.0,0.0,0.0,0.0,0.0,0.0,0.0,0.0,0.0,0.0,0.0,0.0,0.0,0.0,0.0,contaminated
427,0.0,0.0,0.0,0.0,0.0,0.0,0.0,0.0,0.0,0.0,0.0,0.0,0.0,0.0,0.0,0.0,0.0,0.0,contaminated
428,0.0,0.0,0.0,0.0,0.0,0.0,0.0,0.0,0.0,0.0,0.0,0.0,0.0,0.0,0.0,0.0,0.0,0.0,contaminated
429,0.0,0.0,0.0,0.0,0.0,0.0,0.0,0.0,0.0,0.0,0.0,0.0,0.0,0.0,0.0,0.0,0.0,0.0,contaminated
430,0.0,0.0,0.0,0.0,0.0,0.0,0.0,0.0,0.0,0.0,0.0,0.0,0.0,0.0,0.0,0.0,0.0,0.0,contaminated
431,0.0,0.0,0.0337078651685393,0.0,0.0,0.0,0.0,0.0163934426229508,0.0,0.0,0.0,0.0,0.0,0.0,0.0,0.0,0.0,0.0,contaminated
432,0.0035273368606701,0.0043290043290043,0.0028242450575711,0.0029789184234647,0.0009557945041816,0.0051923530800094,0.0028030833917309,0.0059077482390365,0.0009557945041816,0.001720060202107,0.000228832951945,0.0,0.0009505703422053,0.0035419126328217,0.0023375409069658,0.0029378531073446,0.0064659977703456,0.0035714285714285,contaminated
433,0.0179856115107914,0.013215859030837,0.0240549828178694,0.0,0.0,0.0097560975609756,0.0,0.0,0.0040650406504065,0.0070422535211267,0.0,0.0,0.0,0.0,0.0239043824701195,0.0,0.0,0.019047619047619,contaminated
434,0.0,0.0,0.0,0.0,0.0,0.0,0.0,0.0,0.0,0.0,0.0,0.0,0.0,0.0,0.0,0.0,0.0,0.0,contaminated
435,0.0,0.0,0.0,0.0,0.0,0.0,0.0,0.0,0.0,0.0344827586206897,0.0,0.0,0.0,0.0,0.0,0.0,0.0,0.0,contaminated
436,0.0057102069950035,0.0070229007633587,0.0118327636076781,0.0066908279899637,0.0002867794665901,0.0051020408163265,0.0042885973763874,0.0032345013477088,0.0015572281339216,0.0018539976825029,0.0028190671450538,0.0040021344717182,0.0050438014335014,0.0030534351145038,0.0007651109410864,0.0002713704206241,0.0058572949946751,0.0020408163265306,contaminated
437,0.208333333333333,0.0,0.0,0.0,0.0,0.0,0.0,0.0,0.0,0.0,0.0,0.0,0.0,0.0,0.0,0.0,0.0,0.0,contaminated
438,0.0,0.0277777777777778,0.0,0.0,0.0,0.0,0.0,0.0,0.0,0.0,0.0,0.0,0.0,0.0,0.0,0.0,0.0,0.0,contaminated
439,0.0,0.19047619047619,0.0,0.0,0.0,0.0,0.0,0.0,0.0,0.0,0.0,0.0,0.0,0.0,0.0,0.0,0.0,0.0,contaminated
440,0.0,0.0,0.0,0.0,0.0,0.0,0.0,0.0,0.0,0.0,0.0,0.0,0.0,0.0,0.0,0.0,0.0,0.0,contaminated
441,0.0,0.0,0.0,0.0,0.0,0.0,0.0,0.0,0.0,0.0,0.0,0.0,0.0,0.0,0.0,0.0,0.0,0.0,contaminated
442,0.0,0.0,0.0,0.0,0.0,0.0,0.0,0.0,0.0,0.181818181818182,0.0,0.0,0.0,0.0,0.0,0.0,0.0,0.0,contaminated
443,0.0,0.0,0.0,0.0,0.0,0.0,0.0,0.0,0.0,0.0,0.0,0.0,0.0,0.0,0.0,0.0,0.0,0.0,contaminated
444,0.0,0.333333333333333,0.0,0.0,0.0,0.0,0.0,0.0,0.0,0.0,0.0,0.0,0.0,0.0,0.0,0.0,0.0,0.0,contaminated
445,0.0,0.0,0.0,0.0434782608695652,0.0,0.0517241379310345,0.0,0.0,0.0,0.0,0.0,0.0,0.0,0.0,0.0,0.0,0.186046511627907,0.0,contaminated
446,0.0,0.0,0.0,0.0,0.0,0.0217391304347826,0.0,0.0,0.166666666666667,0.0344827586206897,0.0,0.0,0.0,0.0,0.0,0.0,0.0,0.0,contaminated
447,0.0,0.0,0.0,0.0,0.0,0.0,0.0,0.0,0.0,0.0,0.0,0.0,0.0,0.0,0.0,1.0,0.0,0.0,contaminated
448,0.0,0.0,0.0,0.0,0.0,0.0,0.0,0.0,0.0,0.0,0.0,0.0,0.0,0.0,0.0,0.0,0.0,0.0,contaminated
449,0.0,0.0,0.0,0.0104712041884817,0.0348258706467662,0.0,0.0,0.0209424083769634,0.0,0.0,0.0,0.0,0.0,0.0106951871657754,0.0,0.0048309178743961,0.0,0.0,contaminated
450,0.0,0.0,0.0,0.0,0.0,0.0,0.0,0.0,0.0,0.0,0.0,0.0,0.0,0.0,0.0,0.0,0.0,0.0,contaminated
451,0.0,0.0,0.0,0.0,0.0,0.0,0.0,0.0,0.0,0.0,0.0,0.0,0.0,0.0,0.0,0.0,0.0,0.0,contaminated
452,0.0,0.0344827586206897,0.0,0.0,0.0,0.0,0.0,0.0,0.0,0.0869565217391304,0.0,0.0,0.0,0.0,0.0,0.333333333333333,0.0740740740740741,0.0,contaminated
453,0.0344827586206897,0.0,0.0,0.0,0.0,0.0,0.0,0.0,0.0,0.25,0.0285714285714286,0.0,0.0340909090909091,0.0,0.0,0.0,0.0,0.0,contaminated
454,0.0,0.0,0.0,0.0,0.0,0.0,0.0,0.0,0.0,0.0,0.0,0.0,0.0,0.0,0.0,0.0,0.0,0.0,contaminated
455,0.0,0.0,0.0,0.0,0.0,0.0,0.0,0.0,0.0,0.0,0.0,0.0,0.0,0.0,0.0,0.0,0.0,0.0,contaminated
456,0.0,0.0,0.0,0.0,0.0,0.0,0.0,0.0,0.0,0.0,0.0,0.0,0.0,0.0,0.0,0.0,0.0,0.0,contaminated
457,0.0,0.0,0.0,0.0,0.0,0.0,0.0,0.0,0.0,0.0,0.0,0.0,0.0,0.0,0.0,0.0,0.0,0.0,contaminated
458,0.0,0.0,0.0,0.0,0.0,0.0,0.0,0.0,0.0,0.0,0.0,0.0,0.0,0.0,0.0909090909090909,0.0,0.0,0.0,contaminated
459,0.0245098039215686,0.0,0.0,0.0,0.0,0.024390243902439,0.040650406504065,0.0,0.025974025974026,0.0287081339712919,0.0,0.0,0.0,0.0,0.0,0.0177514792899408,0.0228571428571429,0.0,contaminated
460,0.0,0.0,0.0,0.0,0.0,0.0,0.0,0.0,0.0,0.0,0.0,0.0,0.0,0.0,0.0,0.0,0.0,0.0,contaminated
461,0.0,0.0121654501216545,0.0,0.0,0.0,0.0,0.0147058823529412,0.002004008016032,0.0,0.0,0.0,0.0154738878143133,0.0,0.002004008016032,0.0146137787056367,0.0,0.0,0.0,contaminated
462,0.13126709206928,0.013738959764475,0.0136674259681093,0.0076923076923076,0.0096485182632667,0.0029695619896065,0.0047879616963064,0.0,0.0014336917562724,0.109821428571429,0.0113744075829384,0.0076335877862595,0.005743000717875,0.0076230076230076,0.0040376850605652,0.0055363321799308,0.012751677852349,0.0101596516690856,ancient
463,0.0,0.0,0.0,0.0,0.0,0.0,0.0,0.0740740740740741,0.0,0.0,0.0,0.0,0.0579710144927536,0.0,0.0,0.0,0.0,0.0,contaminated
464,0.0,0.0,0.0,0.0,0.0,0.0,0.0,0.0,0.0,0.0,0.162790697674419,0.0,0.0,0.0,0.0,0.0,0.0,0.0,contaminated
465,0.0006215040397762,0.0041050903119868,0.0020632737276478,0.0035714285714285,0.0,0.0071090047393364,0.0039494470774091,0.0,0.000697350069735,0.0,0.0,0.0,0.0054432348367029,0.0056697377746279,0.0121428571428571,0.011070110701107,0.0030487804878048,0.0040458530006743,contaminated
466,0.0,0.0,0.0018832391713747,0.0263157894736842,0.0,0.0288065843621399,0.0023094688221709,0.0,0.0022675736961451,0.0,0.016597510373444,0.0177865612648221,0.0,0.0,0.0041152263374485,0.0,0.0,0.0,contaminated
467,0.0,0.0,0.0,0.0,0.0,0.0,0.0,0.0,0.0,0.0,0.0,0.0,0.0,0.0,0.0,0.0,0.0,0.0,contaminated
468,0.0,0.0,0.0,0.0,0.0,0.0,0.0,0.0,0.0,0.0,0.0,0.0,0.0,0.0,0.0,0.0,0.0,0.0,contaminated
469,0.0,0.0786026200873362,0.0506329113924051,0.0355871886120996,0.0102564102564103,0.0,0.0033670033670033,0.0,0.0130293159609121,0.0,0.0034013605442176,0.0035211267605633,0.0127388535031847,0.0,0.0,0.0,0.0,0.0,contaminated
470,0.0,0.0,0.0,0.0,0.0,0.0,0.0,0.0,0.0,0.0,0.0,0.0,0.0,0.0,0.0,0.0,0.0,0.0,contaminated
471,0.0,0.0,0.0,0.0,0.0,0.0,0.0,0.0,0.0,0.0,0.0,0.0,0.0,0.0,0.0,0.0,0.0,0.0,contaminated
472,0.0141065830721003,0.0034071550255536,0.0,0.0,0.0033444816053511,0.0096,0.0099857346647646,0.003220611916264,0.0082758620689655,0.0012004801920768,0.0,0.001310615989515,0.0,0.0,0.0126760563380282,0.0108695652173913,0.0,0.0,contaminated
473,0.0039902845246356,0.0071032186459489,0.0036979369404437,0.0068066900038895,0.0015037593984962,0.0003967466772465,0.0022083918891788,0.0022905134567665,0.004476776720761,0.0010883084577114,0.0,0.0012158054711246,0.0005964214711729,0.0042510121457489,0.0016019223067681,0.0063593004769475,0.0045291564446121,0.0033943051103149,contaminated
474,0.0024292655044298,0.0066146540027137,0.0085862324204293,0.0060269627279936,0.0064996829422955,0.0032134659525631,0.0072213500784929,0.0040899795501022,0.0050905824225183,0.0045813184016289,0.0063907486305538,0.004981884057971,0.0038426068244697,0.0033872209391839,0.0021183234982599,0.0028968713789107,0.0072141212586339,0.0024573798187682,contaminated
475,0.0126735063367532,0.0146678170836928,0.0012523481527864,0.0055363321799308,0.0047281323877068,0.0083102493074792,0.0110497237569061,0.0056338028169014,0.0034199726402188,0.0117647058823529,0.0,0.0190409026798307,0.0,0.0,0.0110537951363301,0.011243851018974,0.0048916841369671,0.011830201809325,contaminated
476,0.0042134831460674,0.0112508272667108,0.001743679163034,0.0114649681528662,0.0017630465444287,0.0079858030168589,0.0068226120857699,0.0089058524173028,0.0049375544583212,0.0016565433462175,0.0056980056980057,0.0040235221293717,0.0033875338753387,0.0056761268781302,0.0094102885821831,0.0084190832553788,0.0091519219035997,0.0057698147585788,contaminated
477,0.0017199593464154,0.007207713189179,0.0040286113623283,0.0033689884612145,0.0034143904063957,0.0025651634257343,0.0050850283427809,0.0029496173469387,0.0040505122706695,0.0036863028550777,0.0062106725504617,0.0021190032208849,0.0032149298204344,0.0026856240126382,0.0029143037177063,0.0020440251572327,0.0017010935601458,0.0036240637835225,contaminated
478,0.0016960806784322,0.0026979350420255,0.00251145576313,0.0020518203941403,0.0020364623739332,0.0010330578512396,0.0026954177897574,0.0015822069526694,0.0021571094733057,0.0014978156854587,0.0018781493357764,0.0031641216123263,0.0013389353155732,0.0021351019851905,0.0021735109137994,0.0033696822202461,0.0014061401453011,0.0027205949034188,contaminated
479,0.0,0.0,0.0,0.0,0.0,0.0,0.0,0.0,0.0,0.0,0.0,0.0,0.0,0.0,0.0,0.0,0.0,0.0,contaminated
480,0.0280898876404494,0.0,0.0,0.0,0.0,0.0,0.0,0.0,0.0,0.0,0.0,0.0,0.0268456375838926,0.0,0.0,0.0064935064935064,0.0,0.0051020408163265,contaminated
481,0.0,0.0044843049327354,0.0,0.0,0.0,0.037037037037037,0.0,0.0,0.0024691358024691,0.0108695652173913,0.0188087774294671,0.0,0.0,0.0,0.0031152647975077,0.0226415094339623,0.0,0.0107142857142857,contaminated
482,0.0,0.0,0.0,0.0,0.0,0.0,0.0,0.0,0.0,0.0,0.0,0.0,0.0,0.0,0.0,0.0,0.0,0.0,contaminated
483,0.0,0.0,0.0,0.0,0.0,0.0,0.0,0.0,0.0,0.0,0.0,0.0,0.0,0.0,0.0,0.0,0.0,0.0,contaminated
484,0.0,0.0,0.0,0.0,0.0,0.0,0.0,0.0,0.0,0.0,0.0,0.0,0.0,0.0,0.0,0.0,0.0,0.0,contaminated
485,0.0,0.0,0.0,0.0,0.0,0.0,0.0073529411764705,0.0252100840336134,0.0,0.0,0.0,0.0,0.0,0.0,0.0,0.0,0.0,0.0,contaminated
486,0.0,0.0,0.0,0.0,0.056,0.0,0.0,0.0,0.0,0.0,0.0214285714285714,0.0,0.0,0.0,0.0,0.0,0.0,0.0,contaminated
